:020000041000EA
:10000000002008205B0100101B0100101D010010E2
:100010001101001011010010110100101101001058
:100020001901001019010010190100101F01001022
:10003000110100101901001021010010230100100E
:100040001101001011010010110100101101001028
:100050001101001011010010110100101101001018
:100060001101001011010010110100101101001008
:1000700011010010110100101101001011010010F8
:1000800011010010110100101101001011010010E8
:1000900011010010110100101101001011010010D8
:1000A00011010010110100101101001011010010C8
:1000B00011010010110100101101001011010010B8
:1000C00011010010110100101101001011010010A8
:1000D0001101001011010010110100101101001098
:1000E0001101001011010010110100101101001088
:1000F0001101001011010010110100101101001078
:100100001101001011010010110100101101001067
:10011000EFF30580103800BE00BE00BE00BE00BE7A
:1001200000BE00BEF2EB88710824011028240110E3
:100130009C01001090A31AE7D3DEFFFF42012110BB
:10014000FF01000040500100793512AB00201E492C
:10015000086006C881F3088810474FF050400068D7
:1001600008B10020F3E70DA40ECC002902D000F066
:1001700012F8F9E71549164A002000E001C1914242
:10018000FCD114498847144988471449884700BE60
:10019000FDE701C901C29A42FBD370472824011030
:1001A00010010020602E002078510110000008206E
:1001B00000000820785101100010082000100820CD
:1001C000000000007047000008ED00E0602E0020F5
:1001D0004C3A0020C5430010F1070010BD43001049
:1001E000704700BF00B5042183B0019002F01EFDEE
:1001F000019803B000BD00BF012904D8D2E9000373
:100200001B1A402B01D00020704710B50C46C2B01D
:100210000192FF214FF4807202A810F015FA019BA1
:1002200002A8D3E90012521A10F006FA04F2FE30C6
:1002300000034FF48051019010F0C6F901984FF47B
:10024000807202A910F0FCF9012042B010BD00BF7D
:100250009C46002300B58BB08E46CDE90633CDE930
:100260000833012342F00102ADF816008DF8152085
:10027000DCE90010421A8DF818E08DF8143022D114
:1002800005A902A8089200F07FFBDDE90212521ACC
:10029000402A049B08D089B9079818B10999091A0E
:1002A00002F0C4FC0BB000BD0E48CDE9001310F005
:1002B0006FF9DDE9001301200B4A10700846591A46
:1002C00002F0B4FCE8E710460191009202F0AAFCAB
:1002D000DDE9002110F0B0F9009A0790024409927C
:1002E000CEE700BF40300020403A00202DE9F04F1B
:1002F000D1E900538B46DBF808909D42A9EB05033A
:1003000083B018BF4D603F2BDFF8448174D8DBF811
:100310000060AC1B04F1004340333F2B40F290805F
:10032000402C2CBF271904F140076FF000439F4277
:1003300028BF1F46384602F075FCAE4282467DD08B
:10034000621E052A33466FD9811B013902290246F4
:100350006AD924F0030C4FEA940E06EB0C0053F814
:10036000041B834242F8041BF9D1644510D01A469D
:1003700012F8011BD44495420AF82E1008D05A787E
:100380008CF801209A1C95421CBF9B788CF8023097
:1003900054442346C6469C4608F1400401937546E2
:1003A0000CF1100C0FCDA5420EF1100E4CF8100CF4
:1003B0004CF80C1C4CF8082C4CF8043CEFD1019B79
:1003C00003F1400526B13046A9EB060102F02EFCF0
:1003D000CBE900A55744CBF808701B4B984503D1D7
:1003E000012003B0BDE8F08FDBF80890DFF85880FB
:1003F000A9EB05033F2B8AD9464608F1400734464E
:1004000010350FCCBC4206F1100645F8100C45F82B
:100410000C1C45F8082C45F8043CF0D1DBF80450DE
:100420004035CBF80450D8E753465444721E12F8B6
:10043000011F03F8011B9C42F9D1AAE70346A9E773
:10044000024805F0ADFC00BF00F03F10C0060110EF
:1004500000E03F10000000002DE9F041804684B02C
:10046000104616460F460FF0A7FB0446D8B13028B9
:1004700028BF3024204602F0D5FB054631462246EF
:1004800006190090029610F0D7F83946404602222D
:100490006B460196FFF7DCFE2146284604B0BDE816
:1004A000F04102F0C3BB9FED087B39464046022273
:1004B0006B468DED007B0294FFF7CAFE04B0BDE8E9
:1004C000F08100BFAFF300800000000000000000DA
:1004D00010B5032ABDF808C001D1022901D00020BF
:1004E00010BD0F4A10780028FAD0BCF13F0FF6D9A2
:1004F0009C460C4CA6460CF1100CBEE80F004CF8C4
:10050000043C094B10349E454CF8100C4CF80C1C64
:100510004CF8082CEED10023014A4020137010BD86
:10052000403A0020403000208030002030B5032ABF
:10053000A5B0BDF8A00001D1012901D025B030BD82
:10054000402837D1019302F06DFB0246019B00F178
:10055000400C0290CDF810C003F140011C685D68AA
:10056000D3F808E0D86810338B4214605560C2F8A5
:1005700008E0D06002F11002F0D102A908A8CDF87D
:100580000CC000F0E7FA089BBDF826509DF8281033
:10059000002B40F003814B1E082B00F2FA80DFE8AD
:1005A00013F0E100C800A300670056004800F800FF
:1005B000270010000020844A25B0BDE83040FFF736
:1005C0004BBF0022284609211CABCDE91C221E92FC
:1005D000FFF73EFE0B9818B10D99091A02F026FBA1
:1005E00002980028AAD00499091A02F01FFBA5E777
:1005F000764B1B78019304F011FB0446032002F0B4
:1006000011FB0146019B4FF0010C43708C700C46AE
:10061000C21CCDE91D2228461C91002208211CABDA
:1006200084F800C0FFF714FE0321204602F0FEFA12
:10063000D0E7674801F0DEF8002228469DF8281030
:100640001CABCDE91C221E92FFF702FEC2E76048F8
:1006500000F0BCFF9DF82810002800F0A4800022C4
:1006600028461CABCDE91C221E92FFF7F1FDB1E735
:10067000DFF874E10DF1380CBEE80F00ACE80F00B4
:100680009EE807008CE807000EAA0BA915A800F049
:100690001FFD9DF85430002B00F08A804C490EAAB3
:1006A0001CA800F06FFF9DF870309DF82810002BFB
:1006B00000F085800022284605ABCDE9052207928F
:1006C000FFF7C6FD1D981FAB984203D01F9901315B
:1006D00002F0ACFA169818AB98423FF47BAF189929
:1006E000013102F0A3FA75E73A491CA800F0A4FC16
:1006F000182002F097FA04460DF1700C00F118036F
:10070000CDE916331590BCE80F0020606160A2604F
:10071000BCE80300E3602061616128469DF8281071
:10072000002215ABFFF794FD1821204602F07EFA57
:1007300050E70C2002F076FA0446274B04F10C0C2B
:1007400007CB1CAB206061602846A260022100221A
:10075000CDE91DCC1C94FFF77BFD0C21204602F057
:1007600065FA37E7042002F05DFA0446DFF87CC042
:10077000231D2846CDE91D3300220121C4F800C005
:100780001CAB1C94FFF764FD0421204602F04EFAD6
:1007900020E72846114AFFF75FFE1BE72846104A6C
:1007A000FFF75AFE16E728460E4AFFF755FE11E7F7
:1007B0002846169A9DF82810FFF74EFE8AE728462D
:1007C0001D9AFFF749FE7DE7D8060110413A002047
:1007D00080300020843000204814011020070110D0
:1007E000F4060110040701106C140110010101004E
:1007F00000B583B005F0BAFA094800F0EBFD094BEB
:10080000094A9B8B107001A90020ADF8043005F057
:1008100079F900214FF0FF3004F07EFAF9E700BFCC
:10082000803000206C140110413A00200149024838
:1008300000F0BEBD9827002080300020004870479F
:10084000C014011000487047D414011000487047CC
:100850009C14011030B58DB058B940F209434FF4E3
:10086000417E264D6B802549A5F800E008460DB075
:1008700030BD032822D03FD8214B53F82010002947
:10088000F4D0084601910FF097F92028044628BFBC
:10089000202404F1010E4FEA4E0E0199174D4EF43B
:1008A000407E0028DFD028464A1E931C5B1A12F8AF
:1008B00001CF9C4220F802CFF7D8D4E721220021B3
:1008C00002A80FF0C1FE212102A803F015FF02A823
:1008D0000FF072F9094D40B12A4602AB1C1813F80B
:1008E000011B9C4222F8021FF9D100F1010E4FEAD0
:1008F0004E0E4EF4407EB6E70021B7E7F02F002001
:100900008C140110D0E90010884239D04FF0FF3329
:1009100000B51C4A1944184411F801EF8EEA030E81
:100920004EF300034EF3400C134083EA5E030CEADF
:10093000020C8CEA530C43F340034CF3400E13407B
:1009400083EA5C030EEA020E8EEA530E43F3400381
:100950004EF3400C134083EA5E030CEA020C8CEA6F
:10096000530C43F3400313404CF3400E83EA5C0303
:1009700081420EEA020C8CEA5303CDD1D84300BD6C
:10098000002070472083B8ED2DE9F043D1E9023211
:10099000D61A302E054683B007DD0023C0E90033A8
:1009A0008360284603B0BDE8F08340200F460193E2
:1009B00002F038F93E220446002102300FF044FED6
:1009C00044F64D4222803A68019BC4F802203A79ED
:1009D000E671A271002E46D0721E052A40F2A78051
:1009E000C3F108022244022A40F2A1801A68C4F826
:1009F0000920B208012A00F0A5805968022AC4F82B
:100A00000D1000F082809968032AC4F811107CD080
:100A1000D968042AC4F8151077D01969052AC4F8D2
:100A2000191072D05969062AC4F81D106DD0996941
:100A3000072AC4F8211068D0D969082AC4F82510FB
:100A400063D0196A092AC4F829105ED0596A0A2AA3
:100A5000C4F82D1059D0996A0C2AC4F8311054D119
:100A6000DB6AC4F8353006F10907384602F0DAF8D7
:100A7000214606463A4681460FF0DEFD4FF0FF3331
:100A800006EB070C32499C44F01810F8016F5E40E9
:100A900046F3000E0EEA010E46F340038EEA560EB0
:100AA0000B4083EA5E034EF3400E0EEA010E8EEA1F
:100AB000530E43F340030B4083EA5E034EF3400EB4
:100AC0000EEA010E8EEA530E43F340030B4083EA15
:100AD0005E034EF3400E0EEA010E8EEA530E43F310
:100AE00040030B40604583EA5E03CED1DB434846BA
:100AF000E351394602F09AF8284604F14003C5E96B
:100B000001332C6003B0BDE8F083B10726F0030287
:100B1000A9D0985CA1184872501C8642A3D9185CD1
:100B20000232964288729ED99B5CCB729BE7013B56
:100B300004F10802F01813F8011F834202F8011FA4
:100B4000F9D190E71A79052062730422A118E6E72B
:100B50002083B8ED0346002201202DE9F04182B048
:100B6000C3E90122C3E903221A605A611871D1E96D
:100B70000042121B3F2A187204DC1860184602B0AB
:100B8000BDE8F081402A05D0052218461A6002B05F
:100B9000BDE8F08122784D2A05D0022218461A605D
:100BA00002B0BDE8F08162784C2AF6D1A278012A21
:100BB00002D003221A60E1E7B4F80720302A174672
:100BC00002D904221A60D9E7A118887A4A7A0093D8
:100BD00042EA0022C87A097B42EA004207F1090092
:100BE00042EA016802F01EF807F1090206462146B2
:100BF0000FF022FD4FF0FF3207F1090306EB030E61
:100C00003248009B964406EB020C1CF8011F514031
:100C100041F30002024082EA510241F340010140E7
:100C200081EA520142F34002024082EA510241F35A
:100C30004001014081EA520142F34002024082EA4F
:100C4000510241F34001014081EA520142F3400266
:100C5000024082EA510241F340010140F44581EA39
:100C60005202D2D1304607F10901CDE9002301F04B
:100C7000DDFF009A019BD243904502D006221A6004
:100C80007CE704F10C0139440A4611F8010F0028F1
:100C90007FF47AAF3E3AA242F6D1E2785A71A28846
:100CA000DA80A2791A72002F3FF468AF38460093B9
:100CB00001F0B8FF06463A4604F109010FF0BCFC0A
:100CC000009BF219C3E903625A6157E72083B8ED2C
:100CD00010B50446A446DFF818E0BEE80F00ACE803
:100CE0000F009EE807008CE80700204610BD00BFFB
:100CF0000C15011070B50B780446012B3ED1D1EDD7
:100D0000017A9FEDC07AF0EEE76AF4EE476AF1EE01
:100D100010FA0DD8B7EE007AF4EEC77AF1EE10FAB9
:100D200006D4B0EE007AF4EEC77AF1EE10FA2FDDB9
:100D300000222120227001F075FF20238646DFF873
:100D4000D8C200228EF82020C4E90233BCE80F008C
:100D5000C4F804E0CEF80000CEF80410CEF8082065
:100D6000CEF80C30BCE80F00CEF81000CEF814100E
:100D7000CEF81820CEF81C30204670BD002221206D
:100D8000227001F04FFF20238646DFF890C2D8E79B
:100D900091F90830002B26DB91F90930002B22DB7A
:100DA0008B7A072B3ED8CB7A3C2B5CD80B7B022B63
:100DB0007ED84B7B103B6F2B00F2A1808B7B022BEC
:100DC00000F2C5804B7D0A2B00F2E6800B7E012BE2
:100DD00000F20D8103460121002203F80C1BC0E93B
:100DE00001320273C8E700221920227001F01AFFB5
:100DF000182386460022DFF828C20276C4E90233AF
:100E00006060BCE80F00CEF80000CEF80410CEF809
:100E10000820BCE80300CEF80C30CEF81000CEF865
:100E20001410A9E700221D20227001F0FBFE1C23F4
:100E300086460022DFF8ECC10277C4E90233606025
:100E4000BCE80F00CEF80000CEF80410CEF8082061
:100E5000CEF80C30BCE80700CEF81000CEF8141025
:100E6000CEF8182088E700232220237001F0DAFE54
:100E7000212306468646644D6060E360AC460EF171
:100E8000100EBCE80F004EF8043C604B10359C453A
:100E90004EF8100C4EF80C1C4EF8082CEED12B78A6
:100EA00021228EF800300023A26086F8213063E70B
:100EB00000221C20227001F0B5FE1B238646002272
:100EC000DFF864C1C276C4E902336060BCE80F0099
:100ED000CEF80000CEF80410CEF80C30BCE80300C9
:100EE000BCF80030CEF80820AEF818309CF802307C
:100EF000CEF81000CEF814108EF81A303CE700231C
:100F00002720237001F08EFE262306468646404D9C
:100F10006060E360AC460EF1100EBCE80F004EF8C6
:100F2000043C3C4B10359C454EF8100C4EF80C1C04
:100F30004EF8082CEED1AB882622AEF80430002300
:100F40002868CEF80000A26086F8263014E7002258
:100F50001F20227001F066FE1E2386460022DFF865
:100F6000CCC08277C4E902336060BCE80F00CEF8E1
:100F70000000CEF80410CEF80820CEF80C30BCE803
:100F80000700BCF80030CEF81000CEF81410CEF8F0
:100F90001820AEF81C30EFE600222020227001F06D
:100FA00041FE1F238646DFF888C000228EF81F20EE
:100FB000C4E90233BCE80F00C4F804E0CEF8000036
:100FC000CEF80410CEF80820CEF80C30BCE80700AC
:100FD000BCF80030CEF81000AEF81C309CF802309F
:100FE000CEF81410CEF818208EF81E30C4E6002279
:100FF0002020227001F016FE1F238646DFF834C041
:10100000D3E700BFFFFF7F7FF8070110180801102A
:1010100038080110580801109807011074070110D2
:10102000BC070110D80701101C080110600801104E
:1010300080080110A00801109FED247AD1ED017AFB
:1010400067EE877A0023FCFEE77A91F810C04A7CAD
:101050004FEA4C0C4CEA820CCA7B00B542EA0C0207
:1010600091F800C0C0F80B30C0F80F30C0F8133052
:10107000C3756CF3070391F812C091F816E042EAC9
:10108000CC0291F813C042EA0C1291F814C042EA63
:101090004C1242EA8E128272D1F8092091F808C0EF
:1010A0004260B1F80D2002814A7D0273CA7D42730D
:1010B0000A7E827317EE902A62F30F23C2F307228F
:1010C00062F317436CF31F63036000BD0000C84266
:1010D0002DE9F041D1E900E3A3EB0E030E2B074607
:1010E00088B026DC002323203B7001F09BFD2223E7
:1010F000844605464D4E786006F1200EFB6034466E
:1011000010350FCC744506F1100645F8100C45F863
:101110000C1C45F8082C45F8043CF0D133882222F9
:101120002B8038460023BA608CF8223008B0BDE826
:10113000F08101AD94462C463D4EDFED3E6A0FCE68
:101140000FC596E8070085E807000FCCCCF8000033
:10115000CCF80410CCF80C3003CC2378CCF8082061
:10116000CCF81000CCF814108CF818309EF8003031
:101170004FF000088CF80030BEF80130384607EE1A
:10118000903AF8EEE77A87EEA67A8CED017A9EF82F
:10119000033061468CF808309EF804308CF8093032
:1011A0009EF805308CF80A309EF806308CF80B302B
:1011B0009EF807308CF80C309EF808308CF80D3013
:1011C0009EF809308CF80E30BEF80A3003F00102A8
:1011D00062F30708C3F3400262F30F28C3F38002EF
:1011E00062F31748C3F3C00262F31F68C3F300122F
:1011F0008CF81320C3F34012C3F38013CCF80F8094
:101200008CF814208CF816309EF80C308CF81530C1
:101210009EF80D308CF817309EF80E308CF8183090
:10122000FFF768FD384608B0BDE8F081C00801103E
:101230000C1501100000C842F0B5D0E90034A4EB51
:10124000030CBCF13F0F91B068DD93F800C0BCF116
:101250004D0F63D193F801C0BCF14C0F5ED193F8F0
:1012600002C0BCF1430F59D193F803C0BCF1460F43
:1012700054D104460646202015460F46019301F03E
:10128000D1FCCDE90200019B00F120020492D3F8C9
:1012900000E0D3F804C099680392DA68C0F800E06F
:1012A000C0F804C08160C2609969DA69D3F810E0BF
:1012B000D3F814C0C0F810E0C0F814C08161C26156
:1012C00093F8222093F82110120442EA012293F8A5
:1012D000201093F823300A4342EA036302A80193E3
:1012E000FFF710FB019B83420BD00023029828B12B
:1012F00004990193091A01F099FC019B184611B059
:10130000F0BD216801F1230301F13F0201E09342A6
:1013100008D013F8010F0028F9D0E6E7002318469B
:1013200011B0F0BD1820019101F07CFC019900F191
:10133000180ECDF820E00690D1F808C0CB680C69F3
:10134000CDF81CE0D1F814E0C0F800C04360846020
:10135000C0F80CE0CB69D1F818C02A464361C0F848
:1013600010C006A909A8FFF7B3FE9DF824305BB1B1
:1013700031684A798879120242EA00420879C979CB
:10138000024342EA01623A600A980CAA904205D0F0
:101390000C990193013101F049FC019B069800284A
:1013A000A4D008990193091A01F040FC019B9DE724
:1013B00010B5044640F8041BFFF78AFC04F1200036
:1013C000FFF786FC0023C4E91033204684F83C3044
:1013D00010BD00BF2DE9F04300250446006899B018
:1013E0000368CDE904559B6804A90695984720B188
:1013F000DDE904239B1A7F2B2DDC11A8FFF768FC85
:1014000000230DF1440C84F83C30BCE80F00606010
:10141000A16061682361A3682162E260BCE8030007
:101420009CF8002063626061A1610026E368206986
:101430006169A362A36921632277E062636384F830
:101440003820049818B10699091A01F0EFFB3046CC
:1014500019B0BDE8F0830AA8FFF73AFCA9462E466A
:10146000049B402003EB8513009301F0DBFB074650
:101470000246009B00F140010790099103F14008EA
:1014800018681033009053F80C0C1032019000983B
:1014900053F808EC53F804CC42F8100C019843457B
:1014A00042F80C0C42F808EC42F804CCE8D10023D6
:1014B000DFF8CCE00DF1440C08910393BEE80F0077
:1014C000ACE80F009EE807008CE8070011AA03A90A
:1014D00007A8FFF7B1FE28BB3846402101F0A6FB64
:1014E0006B1C022B4FF00105BAD196B300230AAD55
:1014F0002F4684F83C300FCD6060A160236103CD9E
:101500002B78E2606061A161237784F83830C4F8F9
:1015100044900FCF20626162A26203CFE362206336
:1015200061638EE7039B8EB90DF1280C0DF1440E1B
:1015300099460646BEE80F00ACE80F009EE807009B
:10154000ACE8030025648CF80020C5E74B45C3D9FF
:10155000EAE711A811ADFFF7BBFB0FCD6060A160FA
:1015600023616168A3682162E26003CDC4E910666B
:101570002A7884F83C6063626061A16155E700BF2E
:101580002815011030B50C4683B011460090019229
:10159000FFF7B0FB00980378ABB14FF0010C019A54
:1015A000116853689568D2F80CE021626362A56205
:1015B000C4F82CE05369116963632163137E84F8D6
:1015C0003CC084F8383003B030BD00BF2DE9F04393
:1015D00090F83C30A9B023B90124204629B0BDE8D9
:1015E000F08300F12001054600F120070AA8FFF76B
:1015F00081FB9DF82840002C00F0E7806B6C2022D6
:10160000002120A85C1C0FF01FF8784B05F1200189
:1016100011A8CDE91834FFF70FFD1AAC0DF1440CF9
:10162000BCE80F000FC49CE8030084E803002020FE
:1016300001F0F8FA844600F1200318ACCDE9083334
:1016400007900FCCCCF80000CCF80410CCF80820A0
:10165000CCF80C300FCCCCF81000CCF81410CCF82F
:101660001820CCF81C3007A8FFF74CF920900798F9
:1016700018B10999091A01F0D9FA2B6C40200133ED
:1016800003F0010801F0CEFA00F1400384461E4643
:10169000019003930DF1600E74460CF1100C0FCC09
:1016A0004CF8043C28AB9C420EF1100E4CF8100C88
:1016B0004CF80C1C4CF8082CEED128684146036805
:1016C0000296DB6801AA98470446002877D00022DA
:1016D000286804A903689B68CDE90422069298470C
:1016E000049B0446002864D00599C91A7F2979DD36
:1016F000402003EB881401F095FA234600F14001E5
:10170000814602460790099104F140001C68D3F815
:1017100004E02646D3F808C0DC6810338342166024
:10172000C2F804E0C2F808C0D46002F11002EDD1A2
:101730000023DFF8BCC011AC08910093BCE80F0097
:101740000FC49CE8070084E80700694607A811AAAF
:10175000FFF772FD044638B36B6C5E1C009B9E4223
:1017600042D10DF1440CE646BCE80F006860A96068
:10177000BCE803009CF800C0EA602B616861A961C5
:1017800085F81CC0BEE80F002862FB604FF0000324
:101790007960BA6087F818C0BEE8030038617961E3
:1017A000C5E9108685F83C304021484601F03EFAF4
:1017B000049B23B106991846C91A01F037FA01981B
:1017C00018B10399091A01F031FA0B980DAB984240
:1017D0003FF403AF0D99013101F028FA204629B0FA
:1017E000BDE8F0830024E4E70024DDE74D4C4346E8
:1017F0002815011010B588B0044601A8FFF768FA53
:1018000001230DF1040C84F83C30BCE80F00206289
:101810006162A262BCE803009CF80020E3622063DE
:10182000616384F8382008B010BD00BF0FB400B564
:10183000084883B002F02CFF049B3BB105A9184671
:10184000019102F053FD044802F022FF012002F052
:1018500065FD00BFE4080110200E011070B51646AA
:10186000EFF3108472B6DFF848E0DEE8CF2F0123F3
:10187000002AFAD1CEE8423F002AF6D1BFF35F8FAB
:10188000012301F0070CCA0803FA0CF310F802C098
:101890001CEA030508D14CEA030C00F802C0CEE8AC
:1018A0008F5F84F3108870BD3046FFF7BFFF00BF25
:1018B00083330020F8B50F461946EFF3108672B651
:1018C0001C4DD5E8CF4F0123002CFAD1C5E8443F89
:1018D000002CF6D1BFF35F8F8A421BD8012402E0AF
:1018E0000132914222D3D30810F803E002F0070C32
:1018F00004FA0CFC1EEA0C0FF2D14EEA0C0E00F8B2
:1019000003E010460023C5E88F3F86F31088984215
:1019100007DBF8BD0023C5E88F3F86F310884FF042
:10192000FF30002FF5D00698FFF780FF4FF0FF3013
:10193000E8E700BF83330020044A1078431CDBB281
:10194000182B28BF10231370704700BF9C2700205E
:1019500000B5DFF81CC083B001461F231822CDF864
:1019600000C00248FFF7A6FF03B000BDC03500204D
:10197000F40801104FF0E022936843F000539360A5
:10198000704700BF0021044B03F12002C3E88F1F02
:1019900001339342FAD17047783300204FF0E023AF
:1019A0004FF08032C3F80024C3F80424C3F808249D
:1019B000C3F80C24C3F81024C3F81424C3F8182463
:1019C000C3F81C24C3F82024C3F82424C3F8282413
:1019D000C3F82C24C3F8302462B67047012300F00A
:1019E0001F029340400941B1800000F1604000F5C2
:1019F0006140C0F8803103607047024A203042F8ED
:101A00002030704700E100E008B5EFF3108E72B6A9
:101A1000134BD3E8CFCF0122BCF1000FF9D1C3E8BB
:101A20004C2FBCF1000FF4D1BFF35F8F0D4A103083
:101A30009268DFF834C052F82020624501D091420C
:101A40000BD1084A926842F82010BFF35F8F002242
:101A5000C3E88F2F8EF3108808BD00F04BFE00BF47
:101A60008133002000ED00E0110100102DE9F84F56
:101A70008B461146EFF3108872B6664FD7E8CF2F2A
:101A80000123002AFAD1C7E8423F002AF6D1BFF36A
:101A90005F8F614B93F90040002CC0F2B88000F1D9
:101AA00010055E4804EB440900EB890296794FEA81
:101AB00089091E705A4B9B6853F82560331A2F2BE7
:101AC00035D826F0010E9EF807308B4209D86FE01A
:101AD0000CEB4C0300EB830393F807A08A4551D924
:101AE0009E469EF906C0BCF1000FF1DA4BF6015993
:101AF0000EF1040A131FA3EB0A03C3F34A036FEAB0
:101B0000C3436FEAD3438EF80640DFF820A104EB0D
:101B1000440400EB8402AEF8043040F824A0A2F89C
:101B2000049082F806C0D171C2F808B01DE03D4BA8
:101B30009E426CD13C4BD17109F102010144043B3E
:101B40005B1AC3F34A036FEAC3434FF421416FEAC0
:101B5000D34320F809105380FF214BF60153C2F8FC
:101B600008B09171938042F001062D4B9B6843F8B9
:101B70002560BFF35F8F0023C7E88F3F88F310888D
:101B8000BDE8F88FF2466FF00703A3EB09033AF8BC
:101B9000049F1B1A49F30A0909F102090AEB4909D2
:101BA0009944C9F34A096FEAC9496FEAD949A1E7DB
:101BB0006FF00703D1711C4909F102040444043990
:101BC000091BA3EB0903C1F34A011B1A6FEAC141C8
:101BD0007344C3F34A036FEAC3436FEAD1414FF43E
:101BE00021466FEAD3435180104920F80960938061
:101BF0004AF6AA2473461B1A5B415C43240DC2F8C3
:101C000008B0947142F00106CEF80010ADE700F084
:101C100071FD00BF81330020473A0020A02700203B
:101C200000ED00E011010010D0270020014880479E
:101C30002DE9F041EFF30583DBB29E46EFF310850B
:101C400072B62949D1E8CF2F0123002AFAD1C1E881
:101C5000423F002AF6D1BFF35F8FDFF89C8040F04F
:101C60000106D8F808704AF6AA2357F82E700446E1
:101C70001E4AA41A644163431B0DB7425BB21ED0D7
:101C800092F906409C4220D092F912409C4227D003
:101C900092F91E409C4225D092F92A409C4208BFEE
:101CA000032413D0124A002492F800C0137080F865
:101CB00006C0C1E88F4F85F31088BDE8F081D8F8E1
:101CC00008200C4C42F82E40ECE7002404EB4404BE
:101CD00002EB8402FF2494714BF601549480E1E7F7
:101CE0000124F3E70224F1E781330020A02700203C
:101CF000473A00201101001000ED00E0014B0B44B9
:101D0000036070477833002070B5104C104DAC4222
:101D10000ED2FF26236863B1FFF70EFE0146204670
:101D2000FFF7ECFFA680BFF35F8F0834AC42F1D31E
:101D300070BDFFF701FE01462046FFF7DFFF267169
:101D4000BFF35F8F0834AC42E4D370BD582E00203F
:101D5000602E002010B50446FFF7EEFD0146204638
:101D6000FFF7CCFFFF232371BFF35F8F10BD00BFD0
:101D700010B504460120FFF7EBFD034B034423603D
:101D8000BFF35F8F10BD00BF7833002010490B6890
:101D9000EFF3108072B6D3E8CFCF0122BCF1000F71
:101DA000F9D1C3E84C2FBCF1000FF4D1BFF35F8F22
:101DB000084A4FF0000C1378096801331370C1E82A
:101DC0008FCF80F3108840BF00200021704700BFF4
:101DD0003C3A0020483A00202DE9F04F2DED028BCF
:101DE00085B0EFF30583DBB2103B9A0818BF0122E0
:101DF0004FF0010103F0030B18BFA94CA94B08BF1A
:101E0000A94C0BEB820253F8225001FA0BF204F5B5
:101E100041539FEDA18B02925A602FE0AB881904C9
:101E200040F19480AB79002B40F0DE80B5F908607A
:101E3000002EC0F21C816B6906EB460603EBC6035D
:101E4000D3E90267B7F1FF3F08BFB6F1FF3F0ED0FD
:101E500004EB8B01A36A0A69D21AF31A934205D3E1
:101E60000123226A03FA0BF3134200D10E612046CC
:101E700000F0FAFAB042B941C0F2F980B5F9086051
:101E8000029B002EE363C9DBD5F8149006EB460AEB
:101E900009EBCA07BB682046D7F80C80019300F015
:101EA000E3FA019B984271EB0801B7DBB8F1000F30
:101EB000C0F2C080D7E904317C4A934200F0F88038
:101EC0007A88B5F9080092B242EA00409847024683
:101ED0000B4652EA030100F0AD80002B80F2CD806A
:101EE0000199B1EB020E68EB030839F93A30C7E902
:101EF00002E8002B92DB686903EB430200EBC202AD
:101F0000D2E90271BE4578EB010C4FEA430285DB52
:101F1000AC462CF8083F06E003EB430100EBC1019F
:101F20005A00D1E90271BE4578EB01011A4405DB84
:101F300030F9323000EBC20C002BEDDA29F83A30E0
:101F4000ACF80060AB8819043FF56CAF2B69EFF378
:101F5000108272B6D3E8CF0F01210028FAD1C3E86E
:101F6000401F0028F6D1BFF35F8F4FF6FF76A88899
:101F70000023296900B2AE80C1E88F3F82F3108848
:101F80009842FFF64FAF0746A1466E6905F1080873
:101F9000B5F9083007EB470E002BC44606EBCE021E
:101FA00015DBD2E90240AA46019704E036F9353044
:101FB0009446002B09DB03EB430506EBC502D2E98F
:101FC0000271BC4270EB0101F0DA5546019FACF89A
:101FD000007036F93E7026F83E30002FD8DAAB7923
:101FE0004C46002B3FF422AF0023AB71B5F90860DB
:101FF000721C33463BD0686905F1080E03E08E463B
:102000005A1C3FF415AF03EB430200EBC2014F88AB
:102010009C463F0430F93230F1D5664581ED028BA4
:10202000EED0AEF800302989664620F83210A5F8C7
:1020300008C0E5E739F83A302B812B69EFF31082BD
:1020400072B6D3E8CF0F01210028FAD1C3E8401FB0
:102050000028F6D1BFF35F8F6B88296929F83A30E1
:1020600000236E80C1E88F3F82F31088D6E640BF20
:1020700005B0BDEC028BBDE8F08F204603930192C2
:1020800000F0F2F9019A039B10EB020E43EB0108FA
:102090002BE700BFAFF30080FFFFFFFFFFFFFFFF55
:1020A00000800B40103A002000000B40D91D0010AA
:1020B00008460B69039198470028BBD00399D1E9E2
:1020C000002306E738B5384B1C692CB1BDE8384011
:1020D0000A213648FFF712BE0321354800F0B2F955
:1020E000334D314BDD60FFF727FC324A4FF0504E45
:1020F000024403202C4B4FF00F0C18701A61DEF8CD
:1021000000204FF6FF715A705A69A3F802C0148379
:102110004FF00204A2F848404FF00404A2F87840BF
:102120004FF00504A2F890404FF00604A2F8A84032
:102130004FF00704A2F8C0404FF00904A2F8F040A5
:102140004FF00A04A2F808414FF00B04A2F8204116
:102150004FF00C04A2F838414FF0010414864FF000
:102160000804A2F8D840144C4FF00D0E4FF00E0C9E
:102170009C6008249980A2F850E1A2F868C1A2F8F6
:10218000600011800D4A2C620D49D360FFF73CFCC2
:1021900001210320FFF722FC0A4B0A211C6403489B
:1021A000BDE83840FFF7AABDF02700203C3A0020E8
:1021B00000000B4078330020FFFF1000103A002091
:1021C000D91D001000200B40F0B516461F460269CD
:1021D0000346EFF3108072B6D2E8CF4F0121002CF6
:1021E000FAD1C2E8441F002CF6D1BFF35F8FB3F9D8
:1021F00002101D69002945DBD3F814E001EB410210
:102200003EF832400EEBC20C5C800024C5E88F4FD4
:1022100080F3108805983546CCF8100006983E46A5
:10222000CCF81400BCF80200CCE902560130C0F32F
:102230000E00012838BF0120ACF8020040EA01403E
:10224000D3F810C0EFF3108572B6DCE8CF7F01261B
:10225000002FFAD1CCE8476F002FF6D1BFF35F8F84
:10226000B3F804C02EF832C099801A69C2E88F4FC3
:1022700085F3108801211C78DA68A14002F501532A
:102280005960F0BD0023C5E88F3F80F310884FF000
:10229000FF30F0BD03464089B0EB214F3ADD58696D
:1022A0000A1402EB420210B5D3F810C000EBC200D2
:1022B000EFF3108E72B6DCE8CF4F0122002CFAD17A
:1022C000CCE8442F002CF6D1BFF35F8F428889B24F
:1022D00092B28A4207D000221B69C3E88F2F8EF387
:1022E0001088002010BD6FEA42426FEA52424280DD
:1022F0000121002218699971C0E88F2F8EF3108890
:1023000093F800C0DA68084602F5015301FA0CF1AF
:10231000596010BD00207047F0B5024685B0EFF35C
:102320000585EDB2002D61D10B46424CD4E9000188
:10233000994208BF90424AD0CDE902233E4BDF6864
:102340001E78384600F090F806F1040C57F82CC0BF
:10235000029A039BACEB000C101A63EB0101604581
:1023600071F1000133DACDE9022300F085F8029A19
:10237000039B824263EB0101002949DB2F492E4870
:1023800000910195CDE90232FFF71EFFDDE902322F
:10239000011E3DDD2A48C4E90023446A9C4246D31D
:1023A000806A904241D32448CDE90232FFF772FFA0
:1023B0002349029B486A98421CD314BF0120002085
:1023C0008B6A039A934228BF40F001000CE020BFC3
:1023D0001B49486A98420DD314BF012000208B6A24
:1023E000934228BF40F0010005B0F0BD1448436A95
:1023F0008B4202D2002005B0F0BD14BF01230023A0
:10240000816A914234BF184643F0010005B0F0BD27
:102410000B49486A9842EDD3C01A18BF01208B6A55
:10242000934228BF40F00100DEE79C42BBD120BFB1
:10243000B9E700BFE8270020F02700208D1D00101D
:1024400000000B4010B4054B054C064AA04214BFD7
:102450001846581C10BCFFF701BA00BFC435002055
:1024600000800B40100901100346416A0A46986A31
:10247000596A8A42FAD17047034B596A0A46986AE8
:10248000596A9142FAD1704700000B4000B58E4660
:10249000154A536A9C46916A536A6345FAD14018BB
:1024A00053EB0E034FF0000228BF0122BAB10E4BCE
:1024B0005A6A531C08BF104608D04FF0FF33184625
:1024C00009494A6A9A42FCD39A4207D1064B02E074
:1024D000596A914202D1996A8142F9D300BD024AF8
:1024E000526A9342ECD8EFE700000B4000EB400C3F
:1024F0004FEA8C0C0CF1804C0CF5803C70B51E46FC
:10250000DCF80430041FB3F5803F38BF4FF480334C
:10251000E4B238BFCCF80430012C2ED94FF400655A
:10252000284B0CF5405ECEF8005053F820E0BEF189
:10253000000F17D1DCF800E0012C8EEA421202F005
:10254000E0020CF5805ECEF800202BD94FF400613C
:1025500043F820604FF480330CF500521160CCF842
:10256000043070BD5D69B5FBFEFE0EF1010E0EEB91
:102570004E0EBEF1030EFCD2DCE70129CED10324BE
:102580000CF540531C60DCF80830DB07FBD5DCF8A9
:1025900000300CF5805E83EA421303F0E003CEF8CE
:1025A0000030084B0122DCF800404C4004F00304EA
:1025B000CEF8004002FA01F1DCF808200A42FBD014
:1025C000C4E700BFC8350020014B53F82000704716
:1025D000C835002010B5029C8E464FEA043C4CEAF8
:1025E000034C1C4BB3FBF1F30168B2FBF3F400297D
:1025F00020DB194A194B904214BF4FF480424FF42C
:10260000004217491A6003F580531A608B6832EA5A
:102610000303FBD1212200F540530433C0F800E04E
:1026200084601A600268002AFCDA0822C0F80CC034
:102630001A6010BD036803F03F037345D9D1836866
:10264000C3F30B03A342D4D1C36803F4EE23634561
:10265000CFD110BD001BB700008005400020024014
:1026600000000240012300EB4000800000F18040A8
:1026700000F5841041600360704700BF0023DB8ACF
:10268000002242E800F2520201D41021184704212E
:10269000184700BF034AD2F82838002BFBD0BFF3FD
:1026A0005F8F704700000E400021044B044ABFF3C7
:1026B0005F8F43F8041B9342F9D170470C080E401A
:1026C0002C080E404FF42A6C4FF48D70054A064BCF
:1026D0000649C2F800C0D06019605368002BFCDACC
:1026E000704700BF0080044000A0044000B0FA0022
:1026F000704700BF08B50148FFF798F8340901108A
:1027000038B5054C054DAC4204D254F8043B98470B
:10271000AC42FAD338BD00BF70060110B0060110FC
:102720000648DFF828C0064B064A0749C0F800C033
:102730001A608B6832EA0303FBD170470020024025
:1027400000300240F6FFF303000002407F3BEFEF52
:10275000044BDB6CB3F5004F03D14FF48022024BE6
:10276000DA64704700001150002011504FF0E02251
:10277000044BD2F8881D0B43C2F8883D10EE30049C
:10278000704700BF030330006FF06041044B054AFF
:1027900019609368DB4333F06043FAD1704700BFA0
:1027A000003002400000024010B545F25320FFF710
:1027B00065FFBDE8104003460420184710B545F2F8
:1027C0005320FFF75BFFBDE8104003460120184788
:1027D000FFF7D8B81349144B70B55C1AA508442DFF
:1027E0002A4628BF4422114E920030460DF024FFA5
:1027F000432D13D80E4A0FD0C5F1440033194108B8
:1028000003EBC101C3E9002208338B42FAD1C307AD
:1028100004D520F00100054446F82520054B9E60B4
:1028200070BD00BF0000001010010010000000206B
:102830001101001000ED00E0002370B52B4C82B0B8
:10284000C4F88430FFF73EFF0122294BDA63636C42
:10285000012BFCD10321264A244B11639C6B012CD4
:10286000FCD10226052521460523224A224800964E
:10287000FFF7B0FE21462B46204A21480095FFF77E
:10288000A9FE0022042031461E4BFFF72FFE2146F1
:10289000284600221C4BFFF729FE00220820114683
:1028A0001A4BFFF723FE002209201146174BFFF7B2
:1028B0001DFE002206201146134BFFF717FE0022D3
:1028C000114B07201146FFF711FE0420FFF77CFE95
:1028D00000240F4BA3FB0035AD0CE0B229460134B8
:1028E000FFF7C0FE062CF8D102B070BD0000014019
:1028F00000300140002F685900000540008C8647D9
:1029000000800540001BB70080D1F008006CDC029D
:1029100083DE1B4386B003B451FC0804CDE90201F9
:1029200051FC0904CDE9040151EC0A04CDE906018A
:1029300003BCF047BDE800504EEC00C4BDE80050B9
:102940004EEC01C4BDE800504EEC02C400BD0000D6
:1029500000B5FFF7DFFF02E010FE30F4F8D441ECE1
:10296000100443EC112400EE010410EE010480EE8B
:10297000200451EC1004704700B5FFF7CBFF02E0D4
:1029800010FE30F4F8D441EC100443EC112400EEB6
:10299000010410EE210480EE200451EC3004704755
:1029A00000B5FFF7B7FF02E010FE30F4F8D410B521
:1029B00041EC100443EC112451EC040453EC0524C5
:1029C000A0FB024C5FF0000EE0FB03CEE1FB02CE69
:1029D0004CEC20440024E1FB03E444EC30E480EEC2
:1029E000200451EC500410BD00B5FFF793FF02E046
:1029F00010FE30F4F8D441EC100443EC112451ECF7
:102A00002104A0FB01126FEA820252FB100052FB6C
:102A100012F252FB1000A0EBD07C53EC04245CFBC0
:102A200013F153EC1524A1FB022001FB030053EC2E
:102A30004424A2EB000050FB1CF24FEA111312EBEE
:102A4000017043EBE27140EA515020EA915020F0CE
:102A5000070053EC7524A0FB023C53EC752400FBEB
:102A600003CC01FB02CC53EC0424ACEB824C40EAD7
:102A70005C70A0F1010041EC400480EE200451ECB8
:102A80007004704700B5FFF745FF02E010FE30F418
:102A9000F8D440EC700400EE010410EE210480EE46
:102AA000200451EC3004704700B5FFF733FF02E01B
:102AB00010FE30F4F8D440EC600400EE010410EE97
:102AC000210480EE200451EC3004704700B5FFF77C
:102AD00021FF02E010FE30F4F8D441EC800400EE57
:102AE000010410EE010480EE400410EE1304704760
:102AF00000B5FFF70FFF02E010FE30F4F8D441EC10
:102B0000800400EE010410EE010480EE400410EE9B
:102B10003304704700B5FFF7FDFE02E010FE30F40D
:102B2000F8D441EC100443EC112400EE010410EE43
:102B30003004C0F30070704700B5FFF7EBFE02E011
:102B400010FE30F4F8D443EC102441EC110400EEF4
:102B5000010410EE30F48CBF01200020704700BF4C
:102B600000B5FFF7D7FE02E010FE30F4F8D443ECD6
:102B7000102441EC110400EE010410EE30F42CBFDF
:102B800001200020704700BF00B5FFF7C3FE02E040
:102B900010FE30F4F8D441EC100443EC112400EEA4
:102BA000010410EE30F42CBF01200020704700BF5C
:102BB00000B5FFF7AFFE02E010FE30F4F8D441ECB0
:102BC000100443EC112400EE010410EE30F48CBF2D
:102BD00001200020704700BF10B504460BF00AFD2D
:102BE00020B1044A0319934200D810BD0248FEF7F1
:102BF0001DFE00BF000008204009011010B50C4662
:102C00000BF0E8FF20B1044A0319934200D810BD2D
:102C10000248FEF70BFE00BF00000820400901102B
:102C20000BF0F0BCFFF7D8BFFFF7FABFFFF7F8BF14
:102C30009A4238BF88547047704700BF2DE9F04F63
:102C400083B00F461146DDE90EB292079846DDE9E2
:102C50000C93064629D00D469BB109EB030405EB06
:102C6000040A01950D460D93AAEB040214F8010D18
:102C700043463946B047A145F6D129460D9B019DF3
:102C80001D440F9B9B070CD56C1AA34509D92A46F6
:102C90004346394620200134B0475C4505F1010523
:102CA000F5D3284603B0BDE8F08F5B4515D28A46C0
:102CB0001C468946ABEB03050D4452464346394654
:102CC00020200AF1010AB047AA45F6D14946234619
:102CD000DDF83090002CC0D1E3E70D46002BBCD1CD
:102CE000DFE700BF2DE9F04F0F460F9906469DF82C
:102CF0002C008D079046DDE90CA299468346099C7D
:102D0000DDF828C00E9B49D4002B42D1944545D212
:102D100001F0010504F1FF3E3020E64405E00CF12E
:102D2000010C62450EF8010F02D9BCF1200FF6D15B
:102D3000002D00F08780634530D9601E4FF0300EC3
:102D4000604405E00CF1010C9C4500F801EF25D032
:102D5000BCF1200FF6D1CD060ED5480551D4624501
:102D600064D0634562D0BAF1100F4DD0BAF1020FB2
:102D700055D0BCF1200F2DD12022CDE90B310A9284
:102D80004B464246394630460994BDE8F04FFFF7BE
:102D900055BF11F001052ED19445BBD3CD061ED5EC
:102DA0004805E0D4BCF1000FD9D1BAF1100F5FD0C3
:102DB000BAF1020F74D030224FF0010C2270BBF137
:102DC000000F12D1480742D52B2204F80C200CF139
:102DD0000102D2E762460CF1010C3020A054BCF194
:102DE000200FC9D0BBF1000FECD02D2204F80C202D
:102DF0000CF10102C1E798B3944503F1FF3389D385
:102E000099E7BAF1100FB7D18D063DD5BCF1200F6F
:102E1000B2D0582204F80C200CF1010CA9E7BCF147
:102E2000200FA9D062460CF1010C08E0BCF10102B0
:102E3000BBD0BAF1100F35D0BAF1020FCDD162205C
:102E4000A05496E7CD06CAD5480588D58BE70A0772
:102E500049BF2022624604F80C200CF101028CE7E5
:102E600011F00C0F00D0013B9445FFF453AF62E723
:102E70008A0613D47822227030224FF0020C62703E
:102E8000BBF1000F9ED0B0E7BCF1200F3FF474AF50
:102E9000782204F80C200CF1010C6AE75822EAE7CA
:102EA0006222E8E78D06ACF1020004D54FF0580E1F
:102EB00004F800E091E74FF0780E04F800E08CE7AA
:102EC00000B9704701F0A2BB2DE9F04F97B09DED1E
:102ED000207BDDE9225B8046894651EC170B9A4640
:102EE000249B0C92079302460B468DED047BFFF763
:102EF00015FE002840F0E381DDE904014FF0FF32C8
:102F00006FF48013FFF71CFE002840F0CB80DDE952
:102F100004014FF0FF32B24BFFF74EFE002840F0A5
:102F20009F80DDE90467AAA3D3E900233046394630
:102F3000FFF742FE002840F08280A7A3D3E90023D8
:102F400030463946FFF7FCFD002878D13046394637
:102F500000220023FFF7F4FD002840F098800D9038
:102F6000079B302113F4806F08BF06250EAA2B465D
:102F7000A5F1200605E0013BB34202F8011B00F079
:102F80006581092BF7D81E46ED1ADDE90401FFF72C
:102F9000A1FD944B044603EBC60393ED007B8DED3E
:102FA000087BFFF773FD02460B46DDE90401FFF7DE
:102FB000E7FCDDE90823FFF7F7FCCDE90A01FFF79D
:102FC0009BFD0746FFF774FD02460B46DDE90A014B
:102FD000FFF7D6FC0022844BCDE90A01FFF7ECFD98
:102FE000002800F0888001373846FFF761FD02466F
:102FF0000B46DDE90801FFF7B7FD08B100270134F2
:10300000002E00F088800DF13703DFF8F0C1581969
:103010000DE0ACFB0721C90801EB8102A7EB4202DE
:103020003032092F00F8012F40F2FB800F46202D8F
:1030300006F1FF3605F10105EBD1202586E0079B5F
:103040009DED047BCDE923B34946534640460C9A97
:103050008DED207B229517B0BDE8F04F00F080B9D0
:10306000079B494658074CBF04230323404621933E
:103070005346079A48BF5D4CCDE922B258BF5C4C1D
:103080000C9A209417B0BDE8F04FFFF7D7BD3B4630
:10309000324600200021FFF773FC0123CDE9040133
:1030A0000D935DE7079B03F002029C07049200F07A
:1030B000F4800C9F3D464F4E341D14F8010D2A46F6
:1030C00053464946C047A64205F10105F5D1049B88
:1030D0003C1D63B10C9D631B9B4508D9224653469A
:1030E000494620200134C047631B9B45F6D8204643
:1030F00017B0BDE8F08F0022DDE90A013A4BFFF777
:103100001FFD00287FF47CAF002F40F0C280013704
:10311000002E7FF478AF2046FFF7B8FC02460B463E
:10312000DDE90401FFF72CFC00222F4B06460F4679
:10313000FFF706FD40B93046394600222A4BFFF71B
:103140003BFD002800F0A1800DF137032A485919F2
:103150000EE080FB0476C2EBA60202EB8206A4EB33
:10316000460630361446013501F8016F002A47D073
:10317000202D4FEAE472ECD1079A02F00302012AF3
:1031800014D1BBF1000F11D00D9A002A60D00BF1C1
:10319000FF3BBBF1200F09D930222B4404E001355D
:1031A0005D4503F8012F31D2202DF8D1079B0EACDD
:1031B000CDE902B300945346494640460C9A019526
:1031C000FFF73CFD0446204617B0BDE8F08F00BF76
:1031D0000000000065CDCD410000000065CDCDC1EF
:1031E000FFFFEF7FB01501100000E03F8C090110D8
:1031F000940901109C09011067666666CDCCCCCCA1
:10320000079A02F00302012A00F09680202DCDD00B
:103210000D9B3BB32D220DEB050383F838200135C0
:10322000C4E7202D3FF409AF30212E445A1905E0A0
:103230000135202D02F8011F3FF4FFAEAE42F7D159
:103240002E226E44013586F838207FE720259CE643
:10325000079A12F00C0F5AD00BF1FF3BAB459BD8ED
:10326000202DA3D0079B5A0706D52B220DEB050373
:1032700083F83820013599E71B0797D520220DEBFD
:10328000050383F83820013590E7013424F0010468
:103290005AE7F9077FF5B4AE39E7BBF1040F7FF6C3
:1032A00008AF0C9B1D46043B03EB0B072A46534615
:1032B000494620200135C047AF42F7D1FAE6079BC7
:1032C00003F002029D07049225D00C9F3D46224E3A
:1032D000F41C14F8010D2A4653464946C047A6423D
:1032E00005F10105F5D1049BFC1C002B3FF4FFAE5A
:1032F0000C9D631B9B457FF6FAAE2246534649461A
:1033000020200134C047631B9B45F6D8EFE6AB4550
:103310003FF642AF4AE7BBF1030FD6D90C9B1D46DF
:10332000033B03EB0B072A46534649462020013551
:10333000C047BD42F7D1C9E7BBF1000F3FF466AF0C
:103340000D9A002A84D00BF1FF3B5D45FFF424AFBA
:10335000202D7FF45FAF29E79809011000000000DD
:103360002DE9F04F9FB01E46DDE928ABDDE92B9833
:103370002A9B04460D460B920A9352465B465046E2
:103380005946FFF7CBFB002840F0C680504659460F
:103390004FF0FF327B4BFFF70FFC002840F0BC8062
:1033A000504659464FF0FF326FF48013FFF7C8FBC9
:1033B000002840F0B1805046594600220023FFF714
:1033C000BFFB002840F0DD81CDE908ABDDE9081244
:1033D00018F480600B460F4608F400610C921491BB
:1033E000159040F0A880134340F0D080002940F0B1
:1033F000EC8106230A9318F00202109240F0DD815E
:103400004B46042B38BF04230E920422043B129235
:1034100014935046594600220023FFF791FB0028E1
:1034200040F02A829DED087B149B0B9A03930A9B24
:103430008DED007B029328F4006304932946334604
:103440002046FFF741FD024618F0200F334629467B
:103450000CBF6520452002F10108A047129B0DF129
:10346000580A03F1FF3B0E9B002283EAE37C50469F
:10347000DFF814E10B9FACEBE37CD90FCDF8208093
:1034800002E0202AC44610D0AEFB0C384FEAD80820
:1034900008EB8803ACEB430301303033BCF1090F78
:1034A00002F1010200F8013CEBD805234FF0000CBB
:1034B00006930A23DDF82080CDE90121CDE9033C04
:1034C000CDF800A03346424629462046CDF814B038
:1034D000FFF708FC109B8246D3B1A0EB0708C1455B
:1034E00016D907EB080233462946202008F10108C7
:1034F000A047C145F5D87B1E4B44C7F10102A3EBA1
:103500000A035244914538BF00230AF1010A9A4444
:1035100050461FB0BDE8F08F334629462046CDE91E
:1035200028AB0A9CCDE92B980B9A2A941FB0BDE8D2
:10353000F04FFFF7C9BC57EA020329D100293FF435
:103540005AAF00230E930A9B0E9A934200F3BA815E
:1035500000275046594600220023FFF7F1FA0028C1
:1035600040F015819DED087B28F4006343F48063EF
:103570002C938DED287B334629462046CDE92A79C8
:103580000B9AD3E7FFFFEF7FCDCCCCCC06230A9379
:103590000C9BC3F30A50A0F2FF30FFF777FAB2A3F7
:1035A000D3E90023FFF700FAB1A3D3E90023FFF723
:1035B000D3F90C9BCDE90E01C3F3130343F07F5104
:1035C00038460022A24B41F44011FFF7D9F994A3E9
:1035D000D3E90023FFF7E8F902460B46DDE90E01C7
:1035E000FFF7BAF9FFF776FA0E90FFF74FFA8EA3BE
:1035F000D3E90023CDE90C01FFF7D6F90022954B62
:10360000FFF7AAF9FFF766FA89A3D3E90023074673
:10361000DDE90C01FFF7C8F9CDE90C013846FFF7E9
:1036200035FA85A3D3E90023FFF7BEF902460B461E
:10363000DDE90C01FFF7A4F902460B46CDE90C23A6
:10364000FFF7B2F9CDE91001DDE90C0102460B46A6
:10365000FFF782F90022CDE91201DDE910017E4B6E
:10366000FFF7C6F900227D4BFFF776F902460B46BD
:10367000DDE91001FFF7BCF90022794BFFF76CF987
:1036800002460B46DDE91001FFF7B2F9CDE9100162
:10369000DDE90C2300204FF08041FFF771F902466D
:1036A0000B46DDE91001FFF757F902460B46DDE94D
:1036B0001201FFF79DF900226A4BFFF74DF907F25F
:1036C000FF3C00224FEA0C53FFF76EF902460B460F
:1036D000DDE90801CDE90C23FFF732FA50B1DDE94D
:1036E0000C010E9B0022013B0E935C4BFFF780F90F
:1036F000CDE90C01DDE90C010E9B02466333C62BBC
:1037000008F002031093149B2DD8002B5FD00423E4
:1037100012930A433FF417AFDDE9080148A3D3E948
:103720000023FFF735FA48B1DDE9080146A3D3E9E4
:103730000023FFF705FA00287FF405AF0A9B002B52
:1037400051D0159A002A00F0AC80013B0A93129BDD
:10375000994505D9109B002B00F0AF8002231093F0
:103760000023149344E02BBBB9F1050F4FD908F0A7
:103770000203002B49D105231293A9F105031493E9
:103780003AE00BF10043CDF820A009931EE628F49F
:10379000006343F480632046CDE92A792C933346B5
:1037A000DDE908673446294607F10045CDE928459B
:1037B0000B9ABBE605231293ABE70222002310927B
:1037C0000422149312920E9323E60527C1E6B9F161
:1037D000040F1FD9109B002B77D104231293A9F15A
:1037E0000403149304E0129B99455FD80A9B149339
:1037F0000E9B002B3FF40DAEDDE90801DDE90C2343
:10380000FFF7F6F8CDE9080103E60223109305233C
:103810001293F1E704231293EAE700BFAFF30080AD
:1038200061436F63A787D23F71A379094F930A4021
:103830001655B5BBB16B0240EF39FAFE422EE63F9A
:103840002D431CEBE2361A3F0000000080842E411D
:103850000000F83F0000E03F00002C400000244042
:10386000000018400000F03FFB799F501344D33F05
:10387000B3C8608B288AC63F149BDDE908A7039371
:103880000A9B07F1004B029328F400630B9A049300
:10389000294633462046CDE900ABFFF715FB02462B
:1038A000D2E5129B994515D81492A1E7109B23B13C
:1038B0000A9B1493022310939AE7129BA9EB03032C
:1038C000149395E79B1A5F1E43E604231293022389
:1038D00010938DE7109B002BEFD0022314921093CE
:1038E00086E700BF2DE9F04F91469A4C9A4AB1F114
:1038F000000A9BB018BF834614601878974ADDF819
:10390000908008BF9346002800F08A821D4600265A
:10391000CDF8209008E032465146089BD847013642
:103920002878002800F0C780252805F10105F2D18C
:1039300000222B4613F8011BA1F1200010280AD801
:10394000DFE800F03F09093B0909090909090937BE
:10395000093309092F00A1F13000092840F28980BC
:103960002A2900F0E98000242E2900F09480002705
:10397000A1F1680012282CD8DFE810F04E012B00CE
:1039800049012B0040012B002B002B002B002B00AA
:103990002B002B0027002B002B002B002B002B00D3
:1039A00027001D4642F00102C3E71D4642F0020215
:1039B000BFE71D4642F00402BBE71D4642F010027D
:1039C000B7E71D4642F00802B3E7697842F4807217
:1039D000013367291D467ED8242940F2B880A1F121
:1039E0002503422B00F2B380DFE813F05101B10050
:1039F000B100B100B100B100B100B100B100B1003F
:103A0000B100B100B100B100B100B100B100B1002E
:103A1000B100B100B100B100B100B100B100B1001E
:103A2000B100B100B100B100B100B1001E013A0116
:103A30001E01B100B100B100B100B100B100B10090
:103A4000B100B100B100B100B100B100B100B100EE
:103A5000B100B401B100B100B100B100B100B100DA
:103A6000B100B100B100B4015801B4011E013A0126
:103A70001E01002404EB840401EB440419781D4664
:103A8000A1F130000928A4F1300403F10103F1D9B8
:103A90002E297FF46CAF69781846A1F13007092F01
:103AA00042F4806240F225812A2900F032811D46CD
:103AB000002701335CE73446DDF82090B14501D89A
:103AC00009F1FF364B46324651460020D847204682
:103AD0001BB0BDE8F08FA1F16903DBB20F2B36D824
:103AE000012049F2410C984010EA0C0040F0F480AB
:103AF0000A2B35D0072B2AD158F8041B002940F097
:103B0000108122F0100412F4806144F0210400F0CE
:103B10000A8112AA082305931023CDE9002032461A
:103B20000694049703930023029351465846089B3A
:103B3000FFF7D8F80646F3E658F8044B6978002CEE
:103B40001D46BCBF42F00202644201330CE7084646
:103B5000E1E600BFE5380010083A0020392C0010DB
:103B600058F8049B002F99F8000014BF3B464FF013
:103B7000FF33002800F08283494603EB090C04E080
:103B800011F8013F002B00F043818C45F8D1ACEBDC
:103B90000901530540F12081B94228BF394612F08E
:103BA000020300F083820223CDE9094832468846A9
:103BB000089C37440B9307E023465146D84719F831
:103BC000010F013610B13246B742F5D10B9B414689
:103BD000099CDDF82880002B3FF4A2AE37468C42CA
:103BE0007FF69EAE2644089C761A3A4623465146F6
:103BF00020200137D847B742F7D191E669786C2980
:103C00007FF4E4AEA97842F44072EB1CE1E66978F7
:103C100042F400720133DCE66978682900F0FB8029
:103C200042F080020133D4E6672900F0C9804729B9
:103C300000F0CD80452900F0CC80CDE9034208F1A9
:103C40000708029728F007083246F8E8026751464D
:103C5000CDE900675846089BFFF782FB06465FE602
:103C6000462908BF42F02002CDE9034208F10708C7
:103C7000029728F007083246F8E802675146CDE976
:103C800000675846089BFFF71FF9064648E632468C
:103C900051462520089BD847013641E608F1040328
:103CA0009207099306F1010740F1C380324651465D
:103CB00098F80000089BD847012C40F2B4812644B4
:103CC000089C3A462346514620200137D847B74240
:103CD000F7D1DDF8248023E66F2974D040F24182C9
:103CE000782900F086814FF00A0922F010024B4635
:103CF00038E0002707EB870701EB4701A1F1300708
:103D000010F8011FA1F13003092BF3D90546431C1C
:103D10002EE658F8047BA97802356B1C27EAE77772
:103D200026E642F0210412AA944602E020283FF43D
:103D3000F1AE01F00F03092B94BF303337330F2955
:103D40008CF8003000F101000CF1010C4FEA111168
:103D5000ECD8DFE6582966D0622940F089804FF020
:103D600002094B4612F4806C00F0D48022F00D0260
:103D7000099212F4007140F07B8112F4807008F116
:103D8000040940F03882510640F13A8198F8001059
:103D9000002940F04A81099A22F010020992BCF1F0
:103DA000000F00F04281084612AA0999CDE90337B5
:103DB000CDE9054101900023009202933246A1E033
:103DC00042F4006239E74FF008094B46CAE742F473
:103DD000006242F0200230E712F0020300F08C8112
:103DE0000223CDE909481F468846089C32462346EF
:103DF0005146D84719F8010F01360028F6D13B4645
:103E00004146099CDDF82880002B3FF489ADE5E6AA
:103E1000A1EB0901BDE6A97842F0C002EB1CD8E590
:103E2000044606464AE64FF0100942F020024B468F
:103E300098E7012C40F2F180374606F1FF39CDF8C2
:103E40002880DDF82080A1443A4643465146202090
:103E50000137D8474F45F7D1DDF828803A4698F822
:103E600000005146089BD8472644DDF8248057E5DA
:103E700012F4806300F0C1804FF4806322F01100DF
:103E800010F4007E4AD110F4807C08F1040940F05F
:103E90003781410600F1A980020640F1E381B8F9BB
:103EA000002082EAE271A1EBE2711FFA81FED10FDC
:103EB0000991002A00F05F81734612AA9646DFF846
:103EC000A0830A9403E0BCF1200F23460FD0A8FB87
:103ED0000314E40804EB8401A3EB41010EF1010E8D
:103EE0003031092B0CF1010C0EF8011CEBD80A9CA7
:103EF000099B0092CDE901C30A233246CDE9054072
:103F00000497039351465846089BFEF7EBFEC846BC
:103F1000064605E522F00C0209922AE708F1070897
:103F200028F00708D8F8042058F808CBD10F5CEA2D
:103F3000020E6CD0002A634602DA5B4262EB420258
:103F40009146099312AA94464FF0000ECDE90A1843
:103F5000CDE90C470E960F9203E0BEF1200F3B46D1
:103F600030D04FF0CC3213EB0901BD4F41F10001CD
:103F7000A7FB014626F0030404EB9604091B5C1A18
:103F800002FB04F63A4669F1000802FB08660522C6
:103F9000A4FB077407F001082644A8FB0248641834
:103FA0000A2B0CF1010C4FEA570704F1300479F1A8
:103FB00000090EF1010E0CF8014C47EAC6774FEAF2
:103FC0005609CAD27346DDE90A18DDE90C470E9E90
:103FD0000F9ACDF824E0CDE901310A230092CDE912
:103FE00005403246049703939FE598F800209646D3
:103FF0005DE74FF010094B46B4E622F010003FE7B2
:1040000011064CBFB8F80010D8F80010C0E6002B1D
:1040100040F042819946099394E73246514698F818
:104020000000089BD8473E4653E6099A0A9412F0CE
:10403000200F14BF4FF041084FF0610812AA9446B8
:10404000A8F10A0802E0202871460FD0B1FBF3FE68
:1040500003FB1E14092C94BF3034444499428CF85D
:10406000004000F101000CF1010CECD20A9C9CE62E
:1040700008F1070828F00708D8F8042058F8081BAA
:104080000A920A438E467BD1099A22F010020992C5
:10409000BCF1000F74D0002012AA0999CDE90020CC
:1040A000CDE905413246CDE903373CE58C4298BF66
:1040B00001317FF679AD4FF48063CDE909949946DB
:1040C000A2190B97089F541A32463B4651462020AE
:1040D0000136D847A642F7D1DDE90A474B46DDF85D
:1040E000249099F8000000283FF41AAC611C002BC2
:1040F0003FF477AE002357E58C42DED8013170E6FD
:10410000D8F80020D10F002A00F0B38082EAE273D1
:10411000A3EBE27312AA9446CDE90914DFF84081BB
:1041200003E0BEF1200F23460FD0A8FB0314E408E0
:1041300004EB8401A3EB41010CF1010C3031092B9C
:104140000EF1010E0CF8011CEBD8DDE909140A236D
:104150000092CDE905403246CDE901E10497039391
:10416000D0E6692922F0100040F0918012F48063BB
:104170003FF486AE80E6002B3FF49FAE12AAB7E66E
:10418000099ACDE90B8412F0200F14BF412161215F
:10419000CDE90D76CDE90F3BCDF844A00027F046E0
:1041A0000A9C12AE0DF1480BA1F10A0A03E0202F80
:1041B00080460C4613D021464A46002340460CF068
:1041C0002BFAD2B2092A94BF30325244C84574F156
:1041D0000004327007F1010706F10106E7D2384604
:1041E000DDE90B845A460E9E0D9F0F9BDDF844A01F
:1041F000DDF840B051E7D8F800E0BEF1000F0DD176
:1042000022F010020992BCF1000F07D012AA0998FF
:10421000CDE90337CDE905400191CCE5099A12F0CB
:10422000200F14BF4120612012AA94460A92A0F1E7
:104230000A0202E02029C6460FD0BEFBF3F803FBBA
:1042400018E0092894BF303080189E458CF8000093
:1042500001F101010CF1010CECD20A9AD7E700BF81
:10426000CDCCCCCCD8F8002082EAE27EAEEBE27E68
:104270001DE6002B3FF44EAF12AA68E712F48061EE
:104280000ED012F0020114D001463746A7E44FF0D9
:104290000A0902464B4665E5002312AA09939AE6ED
:1042A00012F002037FF49AAC002C7FF406AFFFF704
:1042B00037BB002C7FF4FFAEFFF732BB0EB400B566
:1042C00084B00DF1140C5CF8043B01464FF0FF3252
:1042D000CDF800C00448CDF80CC0FFF703FB04B0D4
:1042E0005DF804EB03B07047312C001010B5094A9B
:1042F00084B014684CB1034600914FF0FF3203A91B
:104300000548A047012004B010BD00F0C1F92046C7
:1043100004B010BD083A0020C12E001000BEFDE719
:10432000704700BF074A0346106838B10649034486
:104330008B428CBF4FF0FF30136070470349084633
:104340001160F3E700360020000008204C3A0020FE
:10435000002070474FF0FF30704700BF38B9DFF8DA
:1043600014C008461146DCE9002300F017B94FF0ED
:10437000FF30704748150110431E012B09D810B5B6
:104380001446084601230022214600F091F82046F9
:1043900010BD4FF0FF3070474FF0FF30704700BF47
:1043A0004FF0FF30704700BF4FF0FF30704700BF45
:1043B00002288CBF00200120704700BF08B5FFF71E
:1043C000ADFF00BF38B5064C064DFEF799F9AC427B
:1043D00004D254F8043B9847AC42FAD338BD00BF2E
:1043E000B0060110BC0601100368084611461847C4
:1043F00070B505460846697D82B000294FD0002A75
:1044000025DD037814460A2B064622D0012C4FF0F6
:10441000000E0DD03246012312F801CF1946BCF12F
:104420000A0F03F1010320D09C42F5D1744505DD4C
:104430002B68A4EB0E0106EB0E009847311911F81A
:10444000013CA3F10D03B3FA83F35B092B7502B0B2
:1044500070BD2B7D002BD9D102212B6813489847C2
:10446000012CEBD04FF0010ED4E712F8010C0D280F
:10447000DAD08E4506EB0E00A1EB0E0105DACDE990
:1044800000322B689847DDE90032CDE90032022185
:104490002B6806489847009B019A9E46C4E7114640
:1044A0002B6802B0BDE87040184700BF001601102D
:1044B0002DE9F04782B090461C460D460746FDF7B1
:1044C000DBFF4FF0FF3C6FF000462E4A821841F1AF
:1044D0000003944576EB03013CBF624633462A480D
:1044E0000CF092F86B1C824640D00CB3274E284B40
:1044F0001C68B4B1B8F1000F1CD1DFF89C8001E05A
:10450000246974B12368002BFAD0D8F800300BB1BD
:104510009C42F5D120462A463946B0472469002CF2
:10452000F0D1BAF1000F26D1284602B0BDE8F087DD
:10453000184EDCE74FF00A09DFF85C8002E02469DE
:10454000002CEED02368002BF9D0D8F800300BB146
:10455000A342F4D12A4639462046B04701222046DC
:104560000DF107018DF80790B047E8E738460BF0EA
:1045700023FB0546B9E704480CF052F8284602B080
:10458000BDE8F08740420F00582E0020F143001094
:10459000F0350020E9430010FC3500202DE9F84FEC
:1045A00006460D4693469946DFF85880DFF858A036
:1045B000134FD8F8004014B910E0246974B1DAF848
:1045C00000300BB1A342F8D1A368002BF5D02946E7
:1045D000304698470028F0DDBDE8F88F7B6A9945A2
:1045E00008D8BA6A5A4503D36FF00100BDE8F88FC6
:1045F0009945F9D101200021FDF748FFD9E700BF17
:1046000000000B40F0350020FC350020F0B583B0F1
:1046100006468DF80700FDF72FFF4FF0FF356FF0CE
:104620000044174A821841F10003954274EB0301DC
:104630003CBF23462A4613480BF0E6FF124B0746C1
:104640001C689CB1114D01E024697CB12368002BEA
:10465000FAD02B680BB19C42F6D1204601220DF115
:104660000701FFF7C5FE2469002CEFD117B93046CA
:1046700003B0F0BD03480BF0D3FF304603B0F0BDEC
:1046800040420F00582E0020F0350020FC3500205D
:1046900038B504460BF090FA012305461A46204629
:1046A0002946FFF705FF084B1C682CB163682BB146
:1046B00098472469002CF9D1284638BD2469002C7C
:1046C000F4D1284638BD00BFF035002000B545F2D2
:1046D00047308BB0FDF7D2FF01220346092101A824
:1046E0009847DDE90332034912BA1BBAC1E9002336
:1046F0000BB000BD343A0020012900F0BB80614AB4
:10470000013913784FEA231CBCF1090FCCBF0CF11F
:10471000370C0CF1300C012980F800C000F0AD809E
:1047200003F00F03092B8CBF37333033022943705A
:1047300000F0A38053784FEA231CBCF1090FCCBFD3
:104740000CF1370C0CF1300C032980F802C000F09A
:10475000948003F00F03092B8CBF373330330429C7
:10476000C37000F08A8093784FEA231CBCF1090FD4
:10477000CCBF0CF1370C0CF1300C052980F804C0CB
:104780007BD003F00F03092B8CBF3733303306295E
:10479000437172D0D3784FEA231CBCF1090FCCBF10
:1047A0000CF1370C0CF1300C072980F806C064D0EE
:1047B00003F00F03092B8CBF373330330829C37143
:1047C0005BD013794FEA231CBCF1090FCCBF0CF16D
:1047D000370C0CF1300C092980F808C04DD003F0DB
:1047E0000F03092B8CBF373330330A29437244D06F
:1047F00053794FEA231CBCF1090FCCBF0CF1370CE5
:104800000CF1300C0B2980F80AC036D003F00F03EE
:10481000092B8CBF373330330C29C3722DD09379D9
:104820004FEA231CBCF1090FCCBF0CF1370C0CF183
:10483000300C0D2980F80CC01FD003F00F03092B9A
:104840008CBF373330330E29437316D0D3791A1106
:10485000092ACCBF373230320F2982730DD003F0D2
:104860000F03092B94BF303337331029C37318BF9C
:10487000103002D0002303707047002308440370F7
:10488000704700BF343A002010B500F02DF90C231A
:104890001C4CFF22A3670E201B49FDF7E7F84022BE
:1048A00000211A480BF0D0FE4FF0800C0120174A6F
:1048B0000023A2F822C050701046402214490283FF
:1048C0000287144A81604360C2F88430C2F88030A5
:1048D00080F8213080F83B3043620F4BC360C362E5
:1048E000803B83620BF0A0FE4FF0005C4FF48032FF
:1048F00001200A490A4B2064C4F84CC0C4F8901047
:10490000DA6410BD00001150350600200436002086
:1049100084001050000010500001105010D0010011
:104920000020115001210E20FDF758B80022024846
:10493000114600F0F9B800BF24360020044B19706E
:1049400021B14FF40032034BC3F89020704700BFF1
:10495000443A0020002011500B785B0600D07047CD
:104960004B78052BFBD14B88014ADBB21360F6E78D
:1049700000001150CB782DE9F04103F0030EBEF199
:10498000010FC3F3010057D000268C78DFF8D4C0A4
:1049900004F07F0253008988984603EBD4130CEB94
:1049A0004313E509D876C1F30A0185F001009C7034
:1049B00019835870DE70D3006DBB254804330CEBAF
:1049C00082141F18A7601E506AB3224B03EBC20368
:1049D00063603F318909BEF1020F14BF8B01CB0127
:1049E0001D4908EB05020CEB421C0A681B481344E6
:1049F00083420B60CCF80C2028D882F0A04383F4CB
:104A00008013DCF8042043EA8E6343F00043136014
:104A10000120BDE8F0810E480CEB82140344A36230
:104A200040F832605AB913460D4A0CEB451CCCF8DD
:104A30000C20CCF80430EBE70020BDE8F081D20078
:104A400002F1A04202F580126262C2E7FDF752FE57
:104A500080001050040010500C3A0020FF0F10503E
:104A600000011050043600200BF0DEBD08B596465C
:104A7000DFF81CC001F07F02C80900EB42000CEB1C
:104A800040101A46714600F04FF8012008BD00BFE3
:104A90000436002011F07F0205D100290CBF02204E
:104AA0000120064B9866C909054B01EB420003EB58
:104AB00040104FF4006200210BF0D6BD00201150D1
:104AC0000436002011F07F0300D170470022054812
:104AD0005B0003EBD11300EB43106FF40061C27075
:104AE0000BF0C2BD043600204FF0805209480A493D
:104AF00008B50A4B02600A609968C94311F08051F9
:104B0000FAD14FF4805206480BF09EFD0922054B66
:104B10005A6708BD002002400030024000000240F9
:104B2000000010500000115000234FF0010C10B590
:104B3000016180F81AC08282C38204460BF058FDDE
:104B400020B14FF40032074BC3F8902020460BF001
:104B50002BFD10B10123237710BD2046BDE8104086
:104B60000BF056BD00201150002070472DE9F04198
:104B70004FF000081B4C0546424623781A4F1B4E47
:104B80000DE0336813EB421323D0DB6828469847C7
:104B900008F1010823785FFA88F2934206D3934222
:104BA000A2EB0303EDD807EB4313EEE754220021F9
:104BB0000F480BF049FD4FF0FF330D4C2022C4E9A4
:104BC0000133C4E90333FF21BDE8F04109480BF08C
:104BD0003BBD4FF0E023D3F8F03DDB0700D500BE2E
:104BE000BDE8F081433A0020041601105432002041
:104BF000A4330020B8330020704700BF704700BFC7
:104C0000002070470020704700207047704700BFA9
:104C1000704700BF704700BF704700BF024B587815
:104C2000003818BF01207047A43300202DE9F04759
:104C30002D4F3B78FF2B54D100293DD054228A467A
:104C40008146002129480BF0FFFC0022284C294B0B
:104C500020461A70FDF77EF8274B28481C60284C28
:104C6000FDF786F8204601F065F8264A264B1460C9
:104C700023B12648AFF30080254B18604FF00008A1
:104C8000224C43462278234E214D0DE02A6812EB38
:104C9000431311D05B687BB1984708F10108227873
:104CA0005FFA88F3934211D89342EFD39B1A06EB35
:104CB00043135B68002BEFD14FF0E023D3F8F03DB6
:104CC000DB0700D500BE0020BDE8F087514648460E
:104CD00087F80090FFF7D8FD0028EDD04846FFF791
:104CE00021FE0120BDE8F08724280020A433002005
:104CF0009C330020453A0020F83300201C28002077
:104D000008280020FC33002000000000433A002067
:104D10005432002004160110A24B1B78FF2B00F028
:104D20000F812DE9F04FA04CA04DDFF89482A04EEA
:104D300089B027687B69EFF3108272B6D3E8CF0F92
:104D400001210028FAD1C3E8401F0028F6D1BFF3A3
:104D50005F8FBA61384605A900F04AFF00237A69DF
:104D6000C2E88F3FBB6983F31088002800F0C3803E
:104D70009DF81530013B072B00F26383DFE803F059
:104D8000A0AA8E9687350A04069B002BD1D00798DF
:104D90009847CEE79DF8181001F07F0705EB470014
:104DA00000EBD11090F8343023F0010380F8343058
:104DB00090F8343023F0040380F83430002F00F0F2
:104DC0009D80027D98F800309A4280F08C80794B6B
:104DD0001B6813EB421300F087809F699DF8192030
:104DE000079B9DF81400B847A3E73378002B7BD0CE
:104DF0003378013B3370337803F0FF00002B98D1F8
:104E00006A4F9DF814A03B7843F001033B7097F87C
:104E1000343060F3000387F8343097F8343060F3AF
:104E2000820387F8343097F8353060F3000387F851
:104E3000353097F8353060F3820387F8353000F06D
:104E400017FC9DF8183003F06002602A66D0402AF3
:104E500077D003F01F03012B00F0B480022B7CD02D
:104E6000002B5BD1202A00F0D581002A56D19DF875
:104E70001930092B52D8DFE813F09C018E01510044
:104E8000AD0151008101580151004D01E6002B7820
:104E9000D9077FF54EAFFFF7BFFE4AE7EB78DA0799
:104EA0007FF547AF0698FFF7A9FE42E72B78D807B2
:104EB0007FF53FAF2878C0F3C000FFF7ABFE38E7BF
:104EC0009DF81400FFF752FE00F0C8FB9DF8183063
:104ED000AB702EE79DF81400FFF748FE00F0BEFB14
:104EE000FFF796FE25E711D04FF0E023D3F8F03D11
:104EF000DC0700D500BE09B0BDE8F08F079B9DF828
:104F000019209DF8140000F0C7FB12E72A4B64E754
:104F1000FBF79CFC0246002840F073814FF0E02331
:104F2000D3F8F03DDF0700D500BE9DF81400002146
:104F3000FFF7B0FD80219DF81400FFF7ABFDF8E608
:104F400070471E4800F094FB0121504606AAFFF767
:104F50000BFE00287FF4EDAEE7E79DF81C1011F082
:104F6000700FDBD1164801F07F0390F800C007EB0B
:104F7000430000EBD110007D604550D340F05C81D0
:104F80000D480090002A00F05B81009F786900F0D6
:104F90006FFB012150467B6906AA984700287FF4E1
:104FA000C8AEC2E724280020FC330020A433002030
:104FB000453A00205432002004160110694B0010BD
:104FC000433A00209DF81C300F2BAED8A84A3B4432
:104FD0001B791278934230D3A7D1A64F786900F09D
:104FE00047FB012150467B6906AA984700287FF4B9
:104FF000A0AE9DF8183013F0600796D19DF81930D7
:105000000A3B012B91D800F033FB9DF819300A2B95
:1050100000F0F681504606A900F0AAFA89E6DFF80A
:1050200058C2DCF800C00CEB40100090002A00F0E1
:10503000078100283FF479AFA7E78F4A176817EB7D
:105040004317CBD171E77A789DF81A30934200F07C
:105050004C817A78002A40F0BF817B70002B00F0F1
:105060004281013BD8B2FBF7F1FB002800F05D81E3
:105070004378022B40F05981C2793978C2F340134A
:105080001B01C2F3801221F0300143EA42130B43AB
:105090003B70438800F1090100EB030B8B4540F2A4
:1050A000AC814B780B2B00F0B5810120042B40F034
:1050B0003C8100236E4A0093ABEB01031FFA83F996
:1050C0001278002301901DE06B4A126812EB431224
:1050D00000F02B810393504613694A46029198478A
:1050E000009B082803F101030299009303D981452D
:1050F000039B80F0FF805E4B1A789DF800309A4247
:10510000C0F013819A42A3EB0202DDD8594800EBAC
:105110004212DFE77B7850468DF812300DF1120213
:10512000012306A900F040FA03E6BDF81A00030ABD
:105130005A1EC0B20E2A3FF6F8AE01A151F822F075
:105140005B530010F1510010975300102B4F0010CB
:105150002B4F001079530010F15100102B4F00100D
:105160002B4F00102B4F00102B4F00102B4F001017
:105170002B4F00102B4F00104D53001006A800F0CD
:105180007DFA50469DF81A10FFF7D0FB3B7843F0AC
:1051900002033B70CDE5BDF81A30012B7FF4C5AE9C
:1051A0003B78504623F0080306A93B7000F0E0F975
:1051B000BFE550463B789A0802F00202C3F3401361
:1051C0001343ADF812300DF11202022306A900F0CC
:1051D000EBF9AEE5BDF81A30012B7FF4A6AE3B78B3
:1051E000504643F0080306A93B7000F0C1F9A0E562
:1051F000022B3FF48DAEFFF707FD024600283FF477
:1052000094AE5046538806A900F0CEF900287FF4EA
:1052100090AD8AE69DF81C300F2B3FF686AE144AFF
:105220003B441B79127893421ED2134A176817EB3E
:1052300043177FF4ABAE78E6002A7FF476AE009297
:105240009DF819C00CF0FD02012A17D0BCF1000F27
:105250007FF464AE07EB430303EBD11393F83430D0
:105260005046C3F34003ACE77FF45FAE014F8DE6D9
:10527000433A00200416011054320020BDF81A20D1
:10528000DAB97448BCF1010F007800F08C80CDE9E8
:105290000113FFF7FFFB029B019907EB430303EBAD
:1052A000D11393F8342042F0020283F8342093F8AB
:1052B000342042F0010283F83420009B002B3FF49D
:1052C00038AD586900F0D4F9009B01215B6906AA4A
:1052D00050469847002000F0CBF997F83530DB07AF
:1052E0003FF527AD96E6FFF793FC504606A900F080
:1052F0003FF91EE502460198002800F0928091F8DF
:1053000002C0914660441A46C0B204E084458EF85B
:10531000042000F0848007EB0C0E9EF804300CF1A2
:10532000010CFF2B5FFA8CFCF0D04FF0E023D3F898
:10533000F03DD90700D500BE4FF0E023D3F8F03D93
:10534000DA0700D500BE00237B70EEE5FFF758FCBE
:10535000024600287FF455AFE7E5FBF76FFA0246F7
:1053600000283FF4DBAD5046122306A900F01CF9DB
:1053700000287FF4DEACD8E5FFF744FC02460028A5
:105380003FF4D3AD5046137806A900F00DF900287C
:105390007FF4CFACC9E5BDF81C10FBF75BFA024601
:1053A0000028EFD1C1E5CDE902320191FFF78AFB78
:1053B000029B019907EB430303EBD11393F83410DD
:1053C000039A62F3410183F8341093F8341062F3C6
:1053D000000183F8341070E7002150460193FFF775
:1053E000ADFA5046FFF740FBBA7850460092FFF7FF
:1053F000BDFB009A019BBA702FE6FFF707FC74E72C
:105400005046012306A90DF112028DF8127000F02A
:10541000CBF88EE40B78C87819444B7846E61346EF
:105420004A460D48CDE90123009100F0B7FBDDE9C4
:1054300000120A4B11441A78029B9A42BFF42EAE16
:1054400073E74FF0E023D3F8F03DDB077FF571AC55
:1054500000BE6EE424280020B8330020433A002028
:105460002DE9F84F0A9F002A40D00C461E461546EB
:105470004FF0000BDFF88090DFF8808016E02046C8
:1054800098F8021099F800A000F058FBD0B121461E
:105490005046FFF76FFAE0B1A3780BF1010BDA0980
:1054A00020D1AB453B7021D023781C446378052B79
:1054B0000FD1E17801F00301B1420AD1A37813F0D2
:1054C000700FDCD04FF0E023D3F8F03DDA0700D5C1
:1054D00000BE4FF0E023D3F8F03DDB0709D40020F5
:1054E000BDE8F88F0B9AAB451370DDD10120BDE804
:1054F000F88F00BEF3E700BF24280020A43300206B
:1055000010B5194801F07F0400EB440000EBD11006
:1055100090F834C01CF0010F08D04FF0E023D3F80E
:10552000F03DDA0700D500BE002010BD00F13004C8
:1055300094F804C00D484CF0010C007884F804C0C5
:10554000FFF794FA0028F0D14FF0E021227960F3C0
:1055500000022271227960F382022271D1F8F03DBB
:10556000DB07E1D500BEDFE7A433002024280020BC
:10557000DFF830C00023624610B58E460446086846
:105580004968CCF80C3003C29EF800102046BDE8F4
:10559000104081F0FF011A4601F08001CCF808307C
:1055A000FFF7AEBF98320020DFF8ACC070B51546EB
:1055B000624600248E4606460868496882B003C2E7
:1055C000CCF80850ACF80E40BEF80620934228BF35
:1055D0001346ACF80C308AB133B3DDB19CF900202E
:1055E000402B28BF4023002A29DB21463046194A98
:1055F000FFF786FF70B1012002B070BD9EF8001069
:10560000134681F0FF01304601F08001FFF778FF7B
:105610000028F0D14FF0E023D3F8F03DDB0700D5B0
:1056200000BE002002B070BD1A469CF8001001F0C8
:1056300080013046FFF764FF0028DCD1EAE71A4614
:105640002946044801930AF0F7FF8021014A019B93
:10565000EFE700BF58320020983200200022034BB1
:10566000C3E90022C3E902221A6170479832002080
:10567000014B1861704700BF983200200146054A6F
:105680004FF0000C134600684968C2E902CC03C31E
:10569000704700BF9832002030B53E4CC9092278CF
:1056A0000546B1EBD21F83B017D053B14FF0E023C2
:1056B000D3F8F03DDB0702D4002003B030BD00BEBC
:1056C000FAE72146FFF748F923691BB12246032177
:1056D00028469847012003B030BD94F90020002AE5
:1056E00008DBA0680028E7D01A462B4901930AF08E
:1056F000A3FF019BE089A168E288184480B21944A5
:105700008242E081A16016D03F2B14D9A28994F97E
:105710000040131A9BB2402B28BF4023002C28DBEB
:1057200090424FF0000132D01B4A2846FFF7E8FEB6
:105730000028CFD1BAE7236923B102212846154AB0
:10574000984768B100232178284681F0FF011A4666
:1057500001F08001FFF7D4FE0028A7D00120BAE7AE
:1057600001462846FFF796F980212846FFF792F96F
:10577000B0E7904208D01A46074801930AF05CFF50
:105780008021054A019BD0E780210022CDE70A460F
:10579000CBE700BF9832002058320020704700BF8E
:1057A00001207047704700BF704700BF0022024BC6
:1057B000C3E900229A6070476C33002001207047D3
:1057C0000022024BC3E900229A6070476C3300202C
:1057D0002DE9F0414B7982B0032B10D191F804C030
:1057E000CCEBCC041234A4B2944202D8244A5278AE
:1057F00062B14FF0E023D3F8F03DDA0704D400247F
:10580000204602B0BDE8F08100BEF8E70A781646EF
:105810008A185578212DECD1194D0F46AA60895D63
:1058200080461144624605F1010CCDF804C005F133
:10583000020CCDF800C0FFF713FE0028D9D0BB79C9
:10584000012B02D1FB790E4AD37001230C488268E8
:105850008371BB78B2F807208178828003700029B9
:10586000CED040234046074AFFF74AFE0028C7D162
:105870004FF0E023D3F8F03DDB07C1D500BEBFE712
:105880006C3300202C33002070B592F800C082B039
:105890000CF01F0EBEF1010F14D1734CB2F804E0EE
:1058A00024785FFA8EFE74450CD11CF0600C05461E
:1058B00014460AD1012902D0012002B070BD5378EC
:1058C000062B23D0002002B070BDBCF1200FF9D10F
:1058D0005378013B0A2BF5D801A252F823F000BF00
:1058E000CF590010BD590010AD590010C558001017
:1058F000C5580010C5580010C5580010C5580010F4
:105900006B590010495900103159001053881B0A77
:10591000212B00F08A80222BD4D16046FAF792FF27
:10592000514B0246214628469B88FFF73DFEC3E7C0
:10593000012915D00329BFD161884B4BC9B2002082
:105940009971FFF72BFFB7E70129B5D16188464B65
:10595000C1F307210020D971FFF722FF0028B1D041
:1059600021462846FFF704FEA6E7012969D003294E
:10597000A2D1E08863884028844628BF4FF0400CBD
:1059800013F0FF01C3F30722384B09D0012807D9D0
:105990001878884204D10CF1FF3C1FFA8CFC0133CB
:1059A0000020CDF800C0FAF7C1FD85E7012983D1B9
:1059B0000B462F4A2146FFF7F7FD7DE701297FF4CB
:1059C0007BAF0B462B4A2146FFF7EEFD74E701291A
:1059D0007FF472AFB4F806E06388BEF1400FF4467E
:1059E00028BF4FF0400C13F0FF00C3F3072231D063
:1059F000BEF1010F2ED90E461C4B0CF1FF3C1FFAD5
:105A00008CFC03F8010B0146CDF800C00020FAF72A
:105A10005FFD33189BB203BB4FF0E023D3F8F03D9A
:105A2000DB077FF54FAF00BE4CE70F4B9A68002AAB
:105A30003FF448AF2146137802B0BDE87040FFF74D
:105A4000B3BDE3882146402B3FF63CAF074AFFF742
:105A5000ABFD31E70026054BD5E721462846034A32
:105A6000FFF7A2FD28E700BF6C330020AC32002016
:105A7000723300207333002030B51F4C05461046AA
:105A8000A27894F801C08A4283B00BD08C451ED016
:105A90004FF0E023D3F8F03DDB0700D500BE002037
:105AA00003B030BD944512D099B2B8B9009102222A
:105AB0000146124BFAF73AFD402328460F4AA178D7
:105AC000FFF71EFD0028E3D0012003B030BD9BB2DC
:105AD00058B91A460A49FFF765FEF5E70B4600205C
:105AE0000221064AFFF760FEE6E701210020044A92
:105AF000FFF75AFEE8E700BF6C3300202C3300208C
:105B0000EC320020012808B50DD80A785AB1DFF828
:105B100028C0012A0CF8002001D0012008BDFFF7A1
:105B200085F80028F9D14FF0E023D3F8F03DDB07EA
:105B300000D500BE002008BD98330020C3788288BD
:105B400003F003000228C2F30A0215D003280AD08A
:105B500001281CD1022940F2FF3308BF4FF48063B3
:105B600093420DD37047022914BF40234FF4806342
:105B7000934205D30120704702290AD0402AF9D95F
:105B80004FF0E023D3F8F03DDB0700D500BE002046
:105B90007047B2F5007FEDD0F2E700BF0A449142B2
:105BA00025D291F801C0BCF1050F05D091F800C0D5
:105BB00061448A42F5D8704700B591F802C00CF0F4
:105BC0007F0E00EB4E0E4FEADC1C0EF80C3091F805
:105BD00000C061448A4209D991F801C0BCF1050FA7
:105BE000EBD091F800C061448A42F5D800BD7047FF
:105BF00030B5044600690D4683B018B14FF0FF314F
:105C00000AF0FAFC2289618992B289B2A3888A4299
:105C100036BFC1EB4300501A801880B268B383428C
:105C200009D29A422CBFD21AD21891B28B4261810A
:105C300003D8C91A89B28B42FBD9E2882368C2F320
:105C40000E0202FB013128460AF0F6FC6289A388A5
:105C500092B2511C89B28A424FF0010210D9002140
:105C600003FA02F0091A2069618118B101920AF061
:105C7000D7FC019A104603B030BD0246618989B253
:105C8000B1EB430F4FEA4300EDDBEBE770B50446A1
:105C9000C0680E4682B018B14FF0FF310AF0ACFC7C
:105CA0002589238961899BB289B2A2888B4236BF3C
:105CB000C1EB42015B1A5B189BB29A42ADB20BD8A2
:105CC000E179C90908D1E06818B101910AF0A8FC8E
:105CD0000199084602B070BD954228BF2B4617D3E4
:105CE0009B1A9BB29342FBD2E2882068C2F30E0259
:105CF00002FB030031460AF09FFC6B1C9BB29D42E5
:105D0000A28811D9002351005B1A01212381DAE70F
:105D1000E2882068C2F30E0205FB020031460AF059
:105D20008BFC0135A288ABB2B3EB420F4FEA4201C4
:105D3000EBDBE9E710B50446C06818B14FF0FF315E
:105D40000AF05AFC206918B14FF0FF310AF054FCF8
:105D50000023E0686381238108B10AF061FC2069B7
:105D600008B10AF05DFC012010BD00BF704700BF04
:105D700038B50546082000F0A5F80446294600F08D
:105D8000ABFF054A2046054900F09AFD204600F089
:105D9000B1F800F037F900BFC96B00104C170110C3
:105DA00038B50546082000F08DF80446294600F075
:105DB000D5FF054A2046054900F082FD204600F047
:105DC00099F800F01FF900BF096C00106C17011062
:105DD00021494A6830B5A0F108043AB350F8083CAC
:105DE00004EB030E1D46724520D8536825D073B3CB
:105DF00001F1040C05E0596802F1040C1A4651B196
:105E00000B469E45F7D820D1536819685B680D444E
:105E10005360DCF800301A6899188C420AD05B682D
:105E200040E90253DCF800305C6030BD40F8042CDF
:105E30004C6030BD2A441A6030BD126840F8043C02
:105E40002A4440F8082C4C6030BD1346E3E7134663
:105E500001F1040CDFE700BF602E002010F1090FF4
:105E600023D800F10F0222F007021549486828B331
:105E7000043102E0011D4068C8B103689342F9D3C0
:105E800008680368A3EB020CBCF1070F10B5446867
:105E90000ED900EB020ECEF8044040F802C00868AC
:105EA00002600830C1F800E010BD0822DDE770474D
:105EB000A64603600830C1F800E010BD704700BF7F
:105EC000602E002010B500F180048030FCF784FEC5
:105ED00038B103468022002118460AF0B5FB803015
:105EE00010BD2046FFF7BAFF03460028F2D100F0AC
:105EF00081FC00BF064B8038D3E90223134498424B
:105F000001D2824201D3FCF78BBEFFF761BF00BF15
:105F1000602E002070B50024354D8AB03548EC6005
:105F2000C5E9014408F018FB082333490493092309
:105F3000324A0793042306940591CDE90823A0B1C2
:105F4000044623780F222E483A2B08BF01342146FD
:105F50000AF056FB10B9E37B2E2B16D020463A21CF
:105F600009F034FC04460028EBD1099A069C402A2B
:105F7000A8BF4022002C08BF06243E3402FB04F4D4
:105F8000A400EC60ACB90AB070BD103404AB1E685C
:105F9000214632462EB1586801930AF031FB019B2D
:105FA00010B9A25D3D2A0ED00C330AAA9342EED15D
:105FB000D4E72046FCF710FEA860B0B1002368606B
:105FC000C0E90043DFE7701C002203A901932044CD
:105FD00009F050F8039C2278002A18BF3A2ABDD154
:105FE0000028BBDB019B9860B8E7E860CBE700BF07
:105FF000602E0020000A0110140A0110200A01106E
:106000002C0A01101EB400F08FF81EBC0AF0E0FA52
:1060100070B51E46037884B00C46472B1AD000207A
:1060200026490B680191039008469B68984701999F
:1060300070B1039B02251B6803932368204603AAC3
:106040001C690123A04720BB0546284604B070BD4B
:106050000125F2E743784E2BE1D18378552BDED131
:10606000C378432BDBD10379462B1BD0432BD6D1EE
:1060700043792B2BD3D183792B2BD0D1C379012B0F
:10608000CDD84FF0000350F8201C039306D05830B1
:10609000C7E7039B2846336004B070BD084651F83B
:1060A000781CBEE743794F2BB9D18379522BB6D1F7
:1060B000C0790028B3D10249B3E700BFA816011088
:1060C0007C16011010B5044600F07CF8234613F846
:1060D0002029472A04D0826822BB8360012010BD9A
:1060E00062784E2AF7D1A278552AF4D1E278432A71
:1060F000F1D12279432AEED162792B2AEBD1A27910
:106100002B2AE8D1E279012AE5D854F8042C01328F
:10611000012A44F8042CE1D1826844F8082C8360F9
:10612000012010BD00F066FB08B500F04BF8836855
:106130007BB393F82020472A04D00022826003F129
:10614000200008BD93F821204E2AF6D193F8222092
:10615000552AF2D193F82320432AEED193F8242034
:10616000432AEAD193F825202B2AE6D193F826205A
:106170002B2AE2D193F82720012ADED8DA69013AE6
:10618000DA61002ADBD19969816003F120009A610C
:1061900008BD00F02FFB00BF704700BF704700BF75
:1061A000004870473C0A011000B583B004210190FB
:1061B000FCF73CFD019803B000BD00BF00487047EC
:1061C000343000200048704734300020502870B52B
:1061D0001D461ED000F00F0384460E460C2B55D8EA
:1061E000DFE803F0074426071E545454542A2207BC
:1061F0001E00104650F8043B4BB10CF07001102902
:1062000018BF32461CF0800F134418BF1B682B6068
:1062100070BDD01C20F0030050F8043B2B6070BD13
:10622000104650F8083BE7E7104630F9023BE3E739
:10623000104630F8023BDFE700231046194610F8FD
:10624000014B04F07F0E14F0800F0EFA01FE01F1F5
:10625000070143EA0E03F2D11F29CDD86406CBD53E
:106260004FF0FF3404FA01F10B43C6E70023104658
:10627000194610F8014B04F07F0E24060EFA01FEB9
:1062800001F1070143EA0E03F3D4B5E708F05CF926
:10629000FF281FD008B500F07003302B15D006D8AA
:1062A000202B0BD10846BDE808400AF081B9402BED
:1062B00007D10846BDE808400AF082B903D800209B
:1062C00008BD502BFBD008F03FF90846BDE8084058
:1062D0000AF082B90020704730B5034683B00D46FE
:1062E000144618B101900AF06BF9019B2A46206010
:1062F00012F8015BFF2D2ED16060104610F8012BC3
:10630000FF2A39D04FF0000C10236246237510F895
:10631000011B01F07F03090603FA02F302F10702F1
:106320004CEA030CF3D400EB0C034FF0000CE360D9
:1063300010F8013B6246637510F8011B01F07F0302
:10634000934007324CEA030C0B06F5D400EB0C0328
:10635000236103B030BD194628460192FFF798FF2C
:10636000019A0146231D2846FFF730FF02461046DA
:1063700010F8012BFF2AC5D100232275D5E700BFF5
:1063800000F003032DE9F04F012B99B04FF000040A
:106390008946904603940E9400F0A680022B0AD101
:1063A000414648460AF008F9002840F0928008204B
:1063B00019B0BDE8F08F002B40F00D8210F00804FA
:1063C000EED112AB01250493049B0C224046CDF87C
:1063D00048900093002319460AF006F940460AF057
:1063E00037F906900028DBD044EA0503049A0699A1
:1063F0004046059311AF039B8DF85C300023CDE937
:106400001533FFF769FF159B04469DF85C00414674
:10641000DDF858A009930390FFF73AFF0023089096
:106420000F224046194600970AF01AF95445119B6D
:1064300036D223F001039DF85D50DDF848B05E1EB2
:1064400000212846FFF724FF224601460FAB2846CD
:10645000FFF7BCFE044600212846FFF719FF22463D
:10646000014610AB2846FFF7B1FE0446002128463E
:10647000FFF70EFF224601463B462846FFF7A6FEE1
:1064800004460020024614F8011B01F07F039340EC
:10649000073218430B06F6D40F9B5B44B3421CD95A
:1064A000059BDC0727D500252E46002340460D22FC
:1064B000009719460E9C0AF0D3F8069B0620C9F8EF
:1064C0002440C9F82850C9E90B36119BC9F820307F
:1064D0006EE7092019B0BDE8F08F109A1344B3425B
:1064E0005BD85445ACD3DBE710F008040AD012ABFC
:1064F0000493022568E7059B180700F16A81484666
:1065000007F011FF12AB0D6A0D2240460493009371
:10651000039B19460AF0A4F8129B9D42E9D140461C
:10652000CDF84890DDE90332009219460C220AF0BA
:106530005BF8D9F83060002EE1D011AFD9E90A53E9
:106540000693002DC0F205810324002340460097E6
:106550001A461946CDF844900AF046F80023012265
:1065600040460097194611950AF03EF800230F2285
:106570004046194600970AF073F8119A00234046E6
:1065800002F0010200971946324311920F220AF0DD
:106590002BF8022C72D007200AE7119E002E3FF440
:1065A000FFAE139A1644002800F00381002E3FF43A
:1065B000F7AE059B013813F008020AEB000400F067
:1065C000FC80864BC9F80030854BC9F80430B9F11E
:1065D00000034FF0010BDDF824A018BF0123002AAF
:1065E00018BF00230A9300230793039B03F00703BC
:1065F000CDE90B680D9300252A4614F8011B01F024
:106600007F03080603FA02F302F1070245EA0305D5
:10661000F3D41F2A09D80BFA02F311F0400FC3F18B
:10662000000343EA050318BF1D46002620463246F4
:1066300010F8011B01F07F03934007321E430B0645
:10664000F6D41F2A36D84B0634D50BFA02F35B4238
:106650001E43002D65D0059B022B0DD0002D2FDC95
:106660006FF040435B1B0AEB83085AF823100A9B28
:10667000002B5AD199B12EB13444BCE74846FFF7FC
:1066800021FD88E7079BDDE90B68002B3FF488AE0E
:10669000059BDD073FF584AE0025022455E7059BE9
:1066A000DA07DDE90B683FF500AF002D3FF44CAF92
:1066B00000F0ACF885B1059B022BDCD0002DCFDDBE
:1066C000039BFF2B6CD00D9A042A00F28480DFE834
:1066D00002F008822508220001230793002ECBD167
:1066E000D0E7AAEB850208993B460398FFF76EFDB9
:1066F000119949B1B9F1000FBDD00EAB0022484647
:10670000FFF786FC0028B6D0059BD907DDE90B68AA
:106710003FF5CBAE18E7AAEBC502E4E7AAEB4502CA
:10672000E1E701233444079365E700293AD00E9B43
:10673000119303E058F8041F002933D041443B462D
:1067400000224846FFF764FC0028F3D0002E93D1C6
:1067500098E7099B4046049A1593039B06998DF888
:106760005C30FFF7B9FD41469DF85C00159CFFF7D2
:106770008FFD6FF04042521B54F8223004EB82042C
:1067800033B12246002352F8041F01330029FAD105
:10679000C9F83440C9E90A300423C9F83030D3E6D7
:1067A0005246A0E7059BDB07DDE90B683FF57DAEB0
:1067B000C7E6002E7FF46CAFF2E599F80730012BA5
:1067C0000CBF59F8203C09F158030E93FFE607F07F
:1067D00025FE00F00FF807F0B7FE00BF474E554307
:1067E000464F520008B5804707F0AEFE07F016FE90
:1067F00007F0AAFE08B5024BD3E8AF0FFFF7F2FF90
:106800002C28002008B58047FFF7F4FF08B5024B9D
:10681000D3E8AF0FFFF7F6FF28280020014BD3E89D
:10682000AF0F70472C280020014BD3E8AF0F704703
:1068300028280020012800B583B018D8A1F128032A
:10684000D3E8EF2F013AC3E8E02F0028F8D162B96E
:1068500051F81C3C01F1580013B101909847019880
:1068600003B05DF804EBFFF745BB03B000BD51F882
:10687000140CFFF7B7FF00BF002310B5044640F823
:10688000781C40F8803C40F8742CFFF7CDFF44F8AA
:10689000700CFFF7C3FF0749074A084B44F86C0C1C
:1068A000A4F1800044F8581C44F8542C44F8503C9F
:1068B00010BD00BF474E5543432B2B0035680010D9
:1068C000F8B505460E461746FFF77CFC04463146F0
:1068D0003A462846636801336360FFF7CDFF012322
:1068E000044644F8283B204609F07AFE204607F08B
:1068F00095FDFFF77FFF00BF10B5FFF763FCD0E900
:106900000042013242606CB194F82020472A0BD03B
:106910000022026004F1200009F08AFE04F1200048
:1069200007F07CFDFFF766FF94F821204E2AEFD197
:1069300094F82220552AEBD194F82320432AE7D15A
:1069400094F82420432AE3D194F825202B2ADFD180
:1069500094F826202B2ADBD194F82720012AD7D8B7
:10696000626952426261D5E7034B10B50446036089
:1069700000F050FA204610BD00170110054B10B56D
:106980000446036000F046FA0C212046FCF74EF95D
:10699000204610BD0017011070B582B005460E46A6
:1069A000069C94420BD0A8683146D0F800C00694EB
:1069B000DCF82040A44602B0BDE8704060471946AC
:1069C0000192009300F064F8DDE900320028EAD07B
:1069D000062002B070BD00BF2DE9F04383B00F4622
:1069E0001946814601920093DDE90A48DDE90C650C
:1069F00000F04EF8DDE9003278B9B44220D0D9F881
:106A0000080039460768CDE90C65CDE90A48FC69FC
:106A1000A44603B0BDE8F0436047002F2C602A7104
:106A200009DB3C44A64214BF01240624AC710020BB
:106A300003B0BDE8F0830237F9D10123AB71F6E76B
:106A400041464846CDE9002300F022F8DDE9002365
:106A50000028D4D06A71EAE72DE9F04107460E46D6
:106A600015461C4600F010FA58B9B86823462A4665
:106A70003146D0F800C0DCF818E0F446BDE8F0413B
:106A80006047BDE8F08100BF704700BF002070473D
:106A9000814211D0406808B503782A2B0AD0496892
:106AA0000B782A2B08BF013108F0A8FFB0FA80F05C
:106AB000400908BD002008BD012070473A4B1A78F4
:106AC00070B582B0002A3ED101241C7007F02EFD63
:106AD00078B3446800224FF0FF30344D23781146DC
:106AE00001902A2B01AB08BF0134204607F09EFB22
:106AF0002B6830220121DB6806462D4808F046FD50
:106B00002A68019BD16883B1204608F047FB2B68B7
:106B1000022201212748DB6808F038FD019B13B9E8
:106B20003046FCF77DF8FFF7E7FE304608F036FB0D
:106B3000EDE71E4B2D2221461F481B68DB6808F03D
:106B400025FD07F001FD194B1D2201211B481B6883
:106B5000DB6808F01BFD07F0F7FC01290C4619D192
:106B600007F05CFC03689B6898472B6806460B227D
:106B70002146DB68124808F009FD2B683046D968C9
:106B800008F00CFB2B680A20D96808F07FFA07F0A0
:106B900089FCD6E707F042FC07F084FCD1E707F058
:106BA00081FCFFF72FFA00BF423A0020402C002062
:106BB000700A0110A40A0110A80A0110500A01105D
:106BC000D80A0110406870470D4943680D4A10B556
:106BD000044682B00160A3F10C00904205D120462A
:106BE000FFF7DAFA204602B010BD53F8042C511E0C
:106BF000002A43F8041CF2DC01A900F0E7F8EEE7F4
:106C000080170110C83000200D4943680D4A10B5A7
:106C1000044682B00160A3F10C00904205D12046E9
:106C2000FFF7BAFA204602B010BD53F8042C511EEB
:106C3000002A43F8041CF2DC01A900F0C7F8EEE7D3
:106C400080170110C83000200F4943680F4A10B563
:106C5000044682B00160A3F10C00904208D12046A6
:106C6000FFF79AFA2046FBF7DFFF204602B010BD7F
:106C700053F8042C511E002A43F8041CEFDC01A930
:106C800000F0A4F8EBE700BF80170110C830002027
:106C90000F4943680F4A10B5044682B00160A3F162
:106CA0000C00904208D12046FFF776FA2046FBF709
:106CB000BBFF204602B010BD53F8042C511E002A21
:106CC00043F8041CEFDC01A900F080F8EBE700BFFB
:106CD00080170110C83000201C4BF0B5044685B069
:106CE000036079B308460D4608F066FF0646B0B16A
:106CF00003AA002100F03CF8012E034600F10C0726
:106D000012D0019029463246384609F095FC019B85
:106D10000F4A93420BD12046676005B0F0BD0D4F7E
:106D20002046676005B0F0BD2A780273F0E70022C4
:106D30001E601E449A603273EDE72046FFF72CFA7E
:106D4000FFF760F90448FFF713F800BF8017011040
:106D5000C8300020D4300020E40A011010B50446E9
:106D6000FFF7BAFF014B2046236010BD94170110B6
:106D7000144A904200B583B020D88842034612D905
:106D80004800834238BF034603F11D00B0F5805F21
:106D900009D9994207D203F58053C0F30B001B1A9F
:106DA000934228BF134603F10D000193FBF73AFF0E
:106DB0000022019BC0E9013203B000BD0248FEF78A
:106DC000EFFF00BFFCFFFF3F100B0110FBF72CBFD4
:106DD000036870B5002484B09E691023154603949F
:106DE00002936B461268CDE90044B0479DF8043029
:106DF00003F00603062B04D1009B01202B6004B096
:106E000070BD204604B070BD009890420CBF0620B3
:106E100001207047034B10B504460360FFF734FEB2
:106E2000204610BDD8170110054B10B5044603606D
:106E3000FFF72AFE08212046FBF7F8FE204610BD8A
:106E4000D817011030B583B0154604460899069A44
:106E50008A420DD019462046FFF71AFE28B1099A3A
:106E600001230699157111609371002003B030BDA4
:106E700007990193FFF70CFE019B0028EAD0099BBC
:106E800000205D7103B030BD10B582B0144601938F
:106E9000FFF7FEFD019B20B1082106221C60D9608E
:106EA0001A7102B010BD00BF2DE9F0410746164629
:106EB0001C460D46FFF7ECFD48B9032C07D82B689C
:106EC0003246394628465B69BDE8F0411847BDE8BF
:106ED000F08100BF502970B5864660D8342940D86B
:106EE00029290AD9A1F12A00082851D8DFE800F0A1
:106EF000232221502123235422000A294AD9A1F117
:106F00000B0C01205FFA8CFC00FA0CF0DFF8D4C007
:106F100000EA0C0CBCF1000F3ED1DFF8CCC010EA47
:106F20000C0F08D1DFF8C4C000EA0C0CBCF1000F54
:106F30002ED06AB363B3DEE90504A04228DADEF896
:106F4000104000EB8005461C4FF0000C04EB850060
:106F5000C0E901CCCEF8146004F82510C0E9032381
:106F600070BDA1F1350C01205FFA8CFC00FA0CF029
:106F7000DFF87CC000EA0C0CBCF1000F0CD1DFF88C
:106F800074C000EA0C0CBCF1000FD2D14F29D2D052
:106F9000002070BD0429CCD9002ACCD1F8E7A1F19A
:106FA00052000C28F8D80FF2080C5CF820F000BF53
:106FB000376F0010376F0010996F0010356F001099
:106FC000356F0010336F0010996F0010996F00102B
:106FD000376F0010996F0010996F0010996F0010B3
:106FE000336F0010FE1F005F00C07F0001008000B3
:106FF0000711C701F82E000A8446D0E90530834204
:107000001CDA30B503EB8305DCF8104001334FF098
:10701000000E04EB8500C0E901EECCF8143059B144
:107020007245CCBF0023012333B9C0E9013304F812
:107030002530C0E9031230BD002030BD002070476C
:10704000C26870B513786E2B25D0303BDAB2092AAE
:107050002AD8002600226FF00044DFF850E007E055
:10706000C368591CC1605B78303BD9B209290DD87F
:10707000E11A02EB820CAEFB0151B2EBD10F03EB34
:107080004C02EDDD4FF0FF32104670BD002EFBD0FC
:107090005242104670BD531CC3605378303BDAB285
:1070A000092A01D80126D5E70022EDE7CDCCCCCCCA
:1070B00000B5034683B069B1682927D0184601930B
:1070C000FFF7BEFF019BDA6811785F290ED0002020
:1070D00003B000BDC26811780029F8D0511CC1600E
:1070E0001278682A12D0762AF1D1E7E701321846E1
:1070F0000193DA60FFF7A4FF019BDA6811785F293A
:10710000E5D101320120DA6003B000BD18460193D9
:10711000FFF796FF019BF0E7C3680A4693F800C0AB
:10712000BCF1520F04D0BCF14F0F01D0084670479C
:10713000BCF1520FC16A00B50DD001F1030E202140
:1071400003F1010CC0F82CE000235DF804EBC0F85B
:107150000CC0FFF7BFBE01F1020E1F21F0E700BF18
:10716000C26811785F2901D001207047511C00B519
:1071700083B0C16051785F2906D0FFF761FF002816
:1071800013DB012003B000BD02320190C260FFF7A3
:1071900057FF002809DB0928F3DD019BDA68117825
:1071A0005F2902D10132DA60EBE7002003B000BDB5
:1071B000002900F088800B46996801292FDCD0F85F
:1071C0001C21B2F5806F2ADC1A780131422A9960BD
:1071D0003CD8232A24D8013AD1B2222970D8222AB5
:1071E0001DD8DFE802F0171717121C1C2F2F1717D6
:1071F000171717171717171717171717171C17171A
:1072000017171717171717171700D0F8442101324F
:10721000C0F84421D0F81C21B2F5006F2EDD704774
:10722000A2F124014FF0010CC9B20CFA01F1DFF810
:107230009CC001EA0C0CBCF1000FEBD1890735D1E1
:10724000342AECD11B69002BB6D17047453AD2B233
:10725000192A37D80121DFF878C001FA02F202EAD0
:107260000C0CBCF1000FD5D117490A4202D112F023
:10727000180F26D0DB68002B9ED17047013200B575
:1072800083B0C0F81C21D96801900093FFF790FFEC
:10729000009B019819690090FFF78AFF0098D0F8C9
:1072A0001C31013BC0F81C3103B000BDDA68127814
:1072B000052AAFD1D0F838210132C0F83821A9E72A
:1072C000704770477047704706100400EC7DFE7FE2
:1072D000C16F0002034658B1002004E0DA682AB109
:1072E0001B6901301BB11A78302AF7D070477047FC
:1072F000704700BF20B909E039B10069013930B1E8
:107300000378302BF8D000207047C0687047704772
:1073100013460A4630B50546481C596885B00844EE
:107320009968884214D8DC6884B92946029301928E
:10733000D3E90050284409F07FF9029B019AD3E970
:10734000001011440C5459681144596005B030BD07
:10735000DC68002CFAD181B149008842FCD8186859
:107360000193CDE90212FBF749FC039A0446DDE9DB
:10737000013138B118609960D5E702284FF0020159
:10738000EAD8ECE71868FBF74BFC019B0122C3E944
:107390000044C3E90242D9E703784B2B16D00DD83D
:1073A000442B15D14378A3F1770003F0DF034F2B73
:1073B00018BF012894BF012000207047562B05D02C
:1073C000A3F17200B0FA80F04009704701207047C5
:1073D0000020704730B50C46D0F8001183B003464A
:1073E000FF2907D04A1CC3F800215C5483F80441EC
:1073F00003B030BD4FF00002019080F8FF20D0E9CB
:107400004252A847019B01220021D3F82801C3F86A
:1074100000211044C3F828015C5483F8044103B0F0
:1074200030BD00BFD0F810318BB15A68CB681069FD
:10743000002B0BDB20B906E03BB10069013B10B12A
:107440000278302AF8D000207047C06870470123C6
:10745000C0F81831F7E700BF2DE9F04704460846A9
:107460000D4608F0A9FB80B3013DD4F800114FF0A0
:1074700000094FF0010800EB050A08E03D46591CE1
:10748000AA45C4F80011E65484F804611DD0FF2910
:107490006E7805F101070B46F0D1204684F8FF9085
:1074A000D4E942329847D4F828315745C4F80081CE
:1074B00003F1010226704FF0010384F80461C4F85F
:1074C000282102D015F8026FD9E7BDE8F08700BF88
:1074D00000295AD00B4610B5044682B01A78342AD7
:1074E0001ED8342A25D8DFE802F02E2424242431A3
:1074F0002E2B2B2424242424242424242424242434
:1075000024242E2424242424242424242424242431
:1075100024242E242424242424242424242E2B0034
:10752000433AD2B21C2A04D8194921FA02F2D207EE
:1075300009D4D96820460193FFF7CAFF20B9019BFF
:107540001B69002BCAD1002002B010BDD4F8102155
:10755000BAB1DB685268002B10690BDB28B9F2E77F
:107560003BB10069013B0028EDD00278302AF7D00A
:10757000E9E7C0680028E6D00378302BE3D102B0F9
:1075800010BD0123C4F81831DDE70020704700BFAB
:10759000E30C0010C1680A78542A2ED14A1C034615
:1075A00010B582B0C26049785F2928D06E2921D0F9
:1075B0000190FFF745FD10F1010C1BD4019BDA6827
:1075C00011785F2916D10132D3E90510DA608142C2
:1075D00010DA1A6901EB810E4C1C002102EB8E00BF
:1075E000C0E901115C61052302F82E30C0F80CC01F
:1075F00002B010BD002002B010BD002070474FF057
:10760000000CE0E72DE9F04788B00A4604461E4921
:1076100001A8FCF753FE01A808F0CEFA80B301AE32
:10762000D4F800114FF000094FF0010806EB000AF2
:1076300008E02E46591CB245C4F80011E75484F8FE
:1076400004711DD03546FF290B4615F8017BF0D19A
:10765000204684F8FF900236D4E942329847D4F8A5
:1076600028315545277003F1010284F804714FF069
:107670000103C4F80081C4F8282101D02F78D9E78C
:1076800008B0BDE8F08700BF280B011030B583B00B
:107690000546FFF7D5FC031E28DDEC686A68121B5F
:1076A00093422BDCA968E2184907EA6002D5E15C45
:1076B00024291ED0092B11DD08221E4920460193E2
:1076C00008F09EFF019B48B9227A5F2A18BF2E2A34
:1076D00001D0242A02D1627A4E2A11D01A462146BC
:1076E0002846FFF789FCA86203B030BD002003B034
:1076F00030BD0132092BEA60DEDCEFE70020F2E763
:10770000E96AD5E9052016318242A1EB0301E9625D
:10771000F4DA296902EB82040023013201EB8400D0
:107720006A61054AC0E9013301F824301523C0E934
:107730000323D8E72C0B0110380B0110C3681A780B
:10774000532A3DD15A1CF0B583B0C26093F801C0F2
:10775000BCF1000F1DD1836803F00802C3F3C0031E
:1077600083F00103DC076AD5CB0768D5C3681B78B3
:10777000433B012B8CBF4FF0000E4FF0010E634BCB
:1077800003F1C4011A7862455CD01C338B42F9D1F5
:107790003BE09A1CC26093F801C0ACF1300E5FFA76
:1077A0008EF3092B0FD8BCF15F0F18D10023026AAA
:1077B0009A422AD9C26952F82320104603B0F0BD7C
:1077C000002210467047ACF15F02B2FA82F2520911
:1077D000002AE8D1ACF14103192B01D9BBE7002203
:1077E0005FFA8EFE02EBC203BEF1090F0CEB8303BE
:1077F0000FD8303B9A421A4607D8C16891F800C0AA
:1078000001F1010EBCF1000F0ED10022104603B0B1
:10781000F0BD02EBC203ACF141010CEB830319296B
:10782000A3F13703E6D9F0E7C0F80CE091F800C007
:10783000BCF15F0FACF1300ED2D10133B7E74FEAA4
:10784000D20E9CE75C69D0E9052CACB162455ADAEE
:10785000996902EB8206056900270191013205EB67
:107860008601C1E901774FF01807426105F82670DB
:10787000CC60019C0C618162BEF1000F3DD0D968E3
:107880000D461969C36A62450B44C36239DAD0F800
:1078900010C002EB820E541C00230CEB8E02C2E9D6
:1078A00001334FF0180344610CF82E30C2E9035144
:1078B000C3681978422980D1816A04460D46013394
:1078C00020460192E360FFF7E1FE019A03464E2154
:1078D0002046FFF7FFFAE368024619784229EED006
:1078E000A562002A91D0236A616A8B428DDAE06931
:1078F000591C40F8232021625FE759680D469968BA
:10790000C0E70022D4E70021B5E700BF0818011046
:10791000F8B5C3681A78572A27D104460E4607E0FF
:10792000E368E56945F8220021621A78572A1CD1DC
:107930005A1C5525E2605A78502A02D10233562546
:10794000E36037682046FFF7A1FE294603463A4622
:107950002046FFF7BFFA306030B1D4E908239A42DD
:1079600002F10101DCDB0020F8BD0120F8BD00BF01
:10797000C268F0B5044687B01046FFF70DFD00BBA6
:107980001378552B68D8402B40F29780413B142B3D
:1079900000F29380DFE813F09A0191008601140150
:1079A00091009401C200910091009100910091001A
:1079B000CA019100B400A600910098009100E70070
:1079C000D000002203A9204601F042FA00283BD053
:1079D000E268009020461278462A39D0FFF7C8FFA7
:1079E000009B186000282FD002781F3A012A05D882
:1079F0000399C268C160196803911A60039B1BB3A5
:107A0000D4E908218A421FDAE069511C40F822308B
:107A10001846216207B0F0BD0123256B2046236381
:107A200000F068FF00230246452120462563FFF74A
:107A300051FA0246039038B1E368197821B1591C14
:107A4000E1601B78452B2BD00023184607B0F0BD12
:107A500000F030FC009BC4E7A3F161015FFA81FEF6
:107A6000BEF1190F29D84FF0010CBC4B0CFA0EFCDB
:107A70000CEA0303002B40F0E382BEF1140F1CD18B
:107A8000013220460093E260FFF700FE009B0246B1
:107A900029212046FFF71EFA02460390002AD3D080
:107AA000D4E908318B42CFDAE069591C40F8232031
:107AB000039B2162184607B0F0BD0121204607B0A4
:107AC000BDE8F04001F022BB01322046E260FFF742
:107AD0004FFF0023024624212046FFF7FBF9024610
:107AE0000390DBE701322046E260FFF741FF00230D
:107AF000024623212046FFF7EDF902460390CDE729
:107B000001322046E260FFF733FF002302462521C1
:107B10002046FFF7DFF902460390BFE70132204617
:107B2000E260FFF725FF0023024627212046FFF7EA
:107B3000D1F902460390B1E701322046E260FFF737
:107B4000A5FDE36805461A78492A00F09C82204684
:107B5000FFF70EFF2B46024622212046FFF7BAF917
:107B6000024603909AE72046FFF714FDE168039070
:107B700002460B78492B91D1636B002B40F0BA82FF
:107B800000283FF461AFD4E90805A842BFF65CAF16
:107B9000E56945F82020013020620878493801283D
:107BA00007D8013120460092E16001F0FBF9009A0C
:107BB000034604212046FFF78DF9024603906DE746
:107BC000531CE3605378002B3FF43EAF931CE360FB
:107BD0005378463B302B3FF637AF01A151F823F0E5
:107BE000617D0010497A0010497A0010497A00102E
:107BF000497A0010497A0010497A0010497A001039
:107C0000497A0010497A0010497A0010497A001028
:107C1000497A0010497A0010197A0010497A001048
:107C2000497A0010497A0010497A0010497A001008
:107C3000497A0010497A0010497A0010497A0010F8
:107C4000497A0010497A0010497A0010357F0010F7
:107C5000497A0010097F0010D77E0010A57E001021
:107C6000937F0010497A0010617F0010C57F0010DB
:107C7000497A0010497A0010497A0010497A0010B8
:107C8000437E0010497A001029800010497A0010C4
:107C9000497A0010737E0010197A0010F77F0010E7
:107CA000E17D001001322046E260FFF761FE002313
:107CB000024626212046FFF70DF902460390EDE625
:107CC000204600F0F7FA02460390E7E6511CE16017
:107CD00053785F2B00F0D581303B092B00F2FA81FD
:107CE0000B461D460133E360187830380928F8D96F
:107CF000AA1A20460093FFF77FF9024600283FF4B6
:107D0000A3AE6978009B5F297FF49EAE19460131CE
:107D100020460092E160FFF72BFE009A03462B21DC
:107D20002046FFF7D7F802460390B7E60132204617
:107D3000E260FFF71DFE00283FF486AE009020466B
:107D4000FFF716FE034600283FF47EAE009A2C2172
:107D50002046FFF7BFF8024603909FE6FF7BEC0347
:107D60002046FFF76DF9E3680246197862290E464E
:107D700000F0E981782903D05F297FF465AE002601
:107D8000616903F1010CA369994280F20782142012
:107D9000D4F810E04D1C01FB00F000210EEB0003B5
:107DA000C3E901114FF05F01656100930EF8001007
:107DB00003A8BB491A82D9609E74BA49C4F80CC0A2
:107DC000FCF77CFA03A807F0F7FE009BE16ADA688B
:107DD00052680A44002E18BF01320244E26234E6BF
:107DE00093785F2B00F0CA81D4E905329342BFF645
:107DF0002BAE216903EB83004FF0000C013301EB44
:107E00008002C2E901CC63614423009201F8203072
:107E10002046FFF715F9009AD060E36819785F29CA
:107E20007FF412AE013320460092E360FFF7A0FD1D
:107E3000009A03462E212046FFF74CF80246039095
:107E40002CE6D4E905239A4280F2AE81216902EB47
:107E500082004FF0000C013201EB8003C3E901CC3A
:107E60006261282201F820208F49E26AD96011322C
:107E7000B4E7D4E905239A4280F29681216902EBA6
:107E800082004FF0000C013201EB8003C3E901CC0A
:107E90006261282201F82020E26A84490832D96010
:107EA000E262D2E5D4E905239A4280F27D8121691C
:107EB00002EB82004FF0000C013201EB8003C3E9BA
:107EC00001CC6261282201F82020E26A78490A3256
:107ED000D960E262B9E5D4E905239A4280F264816F
:107EE000216902EB82004FF0000C013201EB8003AC
:107EF000C3E901CC6261282201F82020E26A6D49C1
:107F00000932D960E262A0E5D4E905329342BFF6B6
:107F10009BAD216903EB830001330022636101EB18
:107F20008003654CC3E9012201F820200E22C3E939
:107F300003428AE5D4E905329342BFF685AD216953
:107F400003EB830001330022636101EB80035B4C90
:107F5000C3E9012201F820200422C3E9034274E5A9
:107F6000D4E905239A4280F21F81216902EB820045
:107F70004FF0000C013201EB8003C3E901CC6261D8
:107F8000282201F82020E26A4D490432D960E262D9
:107F90005BE5D4E905239A4280F20681216902EB70
:107FA00082004FF0000C013201EB8003C3E901CCE9
:107FB0006261282201F82020E26A42490932D96030
:107FC000E26242E5D4E905239A4280F2ED8021691C
:107FD00002EB82004FF0000C013201EB8003C3E999
:107FE00001CC6261282201F82020E26A3649083279
:107FF000D960E26229E5D4E905239A4280F2D4806F
:10800000216902EB82004FF0000C013201EB80038A
:10801000C3E901CC6261282201F82020E26A2B49E1
:108020000732D960E26210E52046FFF7A1FC002389
:1080300002464D212046FEF74DFF024603902DE5F6
:1080400001EB8103224901EB830CD4E9051399422A
:1080500080F2AD8001EB810E551C2269013102EBEB
:108060008E03C3E9010061614FF0280102F82E1070
:10807000E26ADCF80410C3F80CC00A44E560E2626E
:10808000E3E4002243E601332046E36000F08AFF88
:108090002A46034604212046FEF71CFF054656E506
:1080A00014200110280B011000200110D81F01100E
:1080B0009C1F0110881F0110580B0110500B01105C
:1080C000B01F0110741F0110EC1F0110C41F01101C
:1080D0006C1D01100122236B20462263009300F0E7
:1080E00009FC009B0246236300283FF4ADACE36823
:1080F000197808E66369019020461D46236A0091BD
:108100001E464B1CE360E36A1F4600F04BFFE3682A
:1081100093F800C0BCF1490FDDE9001204D0E16022
:1081200065612662E762B9E4002A3FF48DACD4E9C8
:1081300008139942BFF688AC0346E06940F8212055
:108140000131216235E510287FF47EAC0133D4E99A
:108150000521E3608A4227DA142120694FF0000CE0
:1081600002FB01F101324318C3E901CC626128220C
:1081700042541049E26AD9600F322FE603320121DE
:10818000236B2046E2602163009300F0B3FB009B69
:108190000246236300287FF440AE55E4064903A855
:1081A000C4F80CC0FCF78AF80023DB68FFDEC36864
:1081B000FFDE00BF28200110280B011030B5044657
:1081C00083B00023E16801AD01930B78A3F12E0287
:1081D00083B3D3B2242B19D8242A17D8DFE802F0AE
:1081E0002A1616161616161616161616161616161B
:1081F000161616161616162A16161616161616160B
:108200001613162A13004B78452B13D02046FFF780
:10821000AFFB024600232F212046FAB1FEF75AFE9B
:108220002860D8B1E16800F110050B78A3F12E02A7
:10823000002BCED1019888B103690BB103B030BDDA
:10824000C26811782829F9D1D268117C0929F5D1A1
:10825000E16A5268891AE162C360EFE7002003B067
:1082600030BD00BFC36810B51A7882B004464A2AF0
:108270001DD091B12046FFF77BFB0246A0B12046FE
:108280000192FFF79BFF78B10346019A2A2120460D
:1082900002B0BDE81040FEF71DBE0A46204601921E
:1082A000FFF78CFF0028EFD1002002B010BD013392
:1082B000C360DFE70346806810F480200FD1D96BDC
:1082C000B1F5006F0AD801F1010CDA68C3F83CC0BF
:1082D00092F800C0BCF1460F07D0D9637047DA6846
:1082E0001178462901D000207047511C00B583B099
:1082F000D9605178592901D10232DA60184601213A
:108300000193FFF7AFFF01460198FEF705FF019BC0
:10831000DA681178452908D000209A68520302D4FF
:10832000D96B0139D96303B000BD0132DA60F4E7DB
:10833000C3681A78542A48D110B55A7882B00446D6
:108340006E3A0B2A09D8DFE802F01608220808085E
:108350002E080808080B01230B60002002B010BD96
:1083600002335A210022E3600023204602B0BDE818
:108370001040FEF7AFBD023320460191E360FFF7E6
:10838000F7FA019902460028E5D05B21ECE70233B9
:1083900020460191E360FFF7CBFF019902460028D8
:1083A000D9D05D21E0E7023320460191E36000F07F
:1083B0000FF8019902460028CDD0E36818784528C7
:1083C000C9D101335C21E360CEE70020704700BFD4
:1083D00070B5002382B005460E4601AC019302E061
:1083E000236003F1100431462846FFF7A1FF03463E
:1083F0000028F5D1019A32B15921284602B0BDE8D2
:108400007040FEF767BD02B070BD00BFC368F0B535
:108410001C7883B00746002C35D05A1CC2605E78A9
:108420001C7896BB49210022DFF8E8C08B1A48BFB0
:10843000013302EB630318010CEB03155CF8000039
:1084400090F800E0A64507D094BF5A1C19468A420E
:10845000ECD1002003B0F0BD4078B042F4D1D7E9B0
:1084600005329342F5DA3A6903EB830100240133C4
:1084700002EB8100C0E901447B61332302F8213023
:10848000C56003B0F0BD2646CCE79A1C762C0546A5
:10849000C2605E7821D1A6F13001CBB2092BC1D8E0
:1084A0000191FFF7F3F80446D7E905329342D0DA99
:1084B00003EB83072E690133002206EB8700C0E936
:1084C00001226B61002CC4D034230199C0E9012240
:1084D00006F82730C0E90314BCE7632CA2D1762E3E
:1084E000A0D1D0E90C34B3FA83F35B094363FFF7FF
:1084F0003FFA7B6B02463BB1002336213846FEF73C
:10850000E9FC6C6303B0F0BD35213846FEF7E2FCB0
:10851000F7E700BFCC1801102DE9F04385B088467D
:10852000054601A90192FFF7F3F9002800F0C98080
:10853000EA681378462B00F08980A3F13002002608
:10854000092A40F28C80A3F16102192A29D86F2BE5
:108550002C6B00F0CF802846FFF758FF2C630446B1
:10856000002800F0EE800378332B7CD1C268EB6AE0
:10857000916807330B44EB6213681A786C2A72D146
:108580005A78692A6FD19B78002B6CD12846FFF767
:108590007DF82246034638212846FEF79BFC044618
:1085A00061E0442B00F0B080A3F14302012A40F2C5
:1085B00098814C2B78D0552B40F08380EB685A780B
:1085C0006C2A00F00D81742A7BD11A78552A40F06C
:1085D000B8805A1C019CEA605A78742A40F0B18035
:1085E0009A1CEA609B785F2B00F076816E2B00F07E
:1085F0007A812846FEF724FD10F1010C00F1A180DC
:10860000EA6813785F2B40F09C800132EA60D5E97C
:108610000532934280F295802A6903EB83010020A2
:10862000013302EB8104C4E901006B614A2302F8C3
:108630002130C4F80CC0D5E90832934280F2818021
:10864000EA6942F8234001332B620CE0531C0646D2
:10865000EB605378A3F13002092A3FF674AF284645
:10866000FFF714F80446019B2BB1224657212846F8
:10867000FEF730FC0446EB681A78422A26D05EB931
:1086800042462AB1234601212846FEF723FC044630
:10869000204605B0BDE8F08322460023512128463C
:1086A000FEF718FC0446EBE7EB6828460133EB6065
:1086B000FEF7ECFF044620B12846FEF751FD0028E6
:1086C000D1D10024204605B0BDE8F083AA6A174640
:1086D00001332846EB60FEF7D9FF224603464E21C0
:1086E0002846FEF7F7FBEB6804461A78422AEFD0DB
:1086F000AF62C4E7EB685A786E2A7FF42CAF02337E
:10870000EB6000232B6326E7EB685A78432A00F0DE
:10871000B380AA6A3AB1117809B1182903D1E96A7C
:1087200010690144E962197843290CD0442908D121
:1087300059783039052904D8DFE801F04F294C0376
:10874000494600248FE75978492900F0B380A1F108
:1087500031000428F5D802333039EB60D5E9053013
:108760008342EEDAD5F810C003EB830E002001330C
:108770000CEB8E04C4E901006B61002AE1D00723F1
:10878000C4E901000CF82E30217322616BE74FF031
:10879000020E0233EB60D5E905318B42D1DA28694C
:1087A00003EB830C0021013300EB8C04C4E90111BD
:1087B0006B61002AC5D00823C4E9011100F82C30F0
:1087C00084F80CE022614EE74FF0050EE1E74FF030
:1087D000040EDEE74FF0030EDBE74FF0010ED8E7A3
:1087E0001A78552AADD15A1CEA605A786C2AA8D159
:1087F0000233002203A92846EB600392FFF7E8FD4D
:10880000039B04460746002B9BD128460093FFF7A5
:10881000D5FC002895D0009B002C60D02061E96831
:108820000A78452A8DD14A1CEA6049785F290BD025
:108830006E2986D02846FEF703FC431C81D4EA68E3
:1088400011785F297FF47DAF0132EA60D5E9052117
:108850008A42BFF676AF296902EB82004FF0000C26
:10886000013201EB8004C4E901CC6A61482201F8BD
:108870002020C4E90373F6E602334FF00009EB60F1
:1088800028464F46FEF702FF0023024654212846A1
:10889000FEF720FB81465FB13861B9F1000F3FF46C
:1088A00050AFEB681A78452AEAD10133EB60DAE67B
:1088B0000446F2E75A1CEA609978A1F13102042AD1
:1088C0003FF63FAF033330392846EB600091FFF7A6
:1088D0004FF8AA6A009941E74FF0000C95E6074669
:1088E0009DE7EB6815E7002C3FF4C9AE2346002452
:1088F000BBE600BFC26813784C2B00F0E580542B18
:1089000000F0E480732BF0B5044683B01DD0662BD5
:108910003ED0A3F13001092906D96F2B6BD15378D2
:108920006E2B19D10232C260002220461146FFF799
:10893000F3FD0246002800F0C380E3681978492956
:1089400000F0A880104603B0F0BD5378722B00F001
:108950008480702B00F065812046FFF757FD0546A7
:10896000002800F0AD800378332B60D0342B00F06A
:10897000BE80352B40F0A480E3681A785F2A00F0AF
:108980003D812046FFF7B6FF03462A4638218AE09C
:108990005378702BE0D1931CC3609378542B00F074
:1089A0003C815F2B00F0AF806E2B00F08980FEF7DA
:1089B00047FB411C00F18480E3681A785F2A7FD16D
:1089C0006FF0004201339142E36079D00230D4E984
:1089D0000532934274DA216903EB830C4FF0000EE9
:1089E000013301EB8C02C2E901EE6361062301F859
:1089F0002C30D060A6E7692B01D0742B68D1517858
:108A00006C29A9D1911C742BE16000F055810022E2
:108A10000B78002B54D04B78002B51D045212046A9
:108A2000019200F0DBF9019A034632213BE0C06875
:108A3000E26A8168036802390A44E2621A78732A9A
:108A400037D15978742934D1997891BB2046FEF7F3
:108A50008FFF2A460346382125E0931C816BC360B3
:108A600051B19378552B00F28C81422B00F2548146
:108A7000303B092B40F258812046FEF779FF014632
:108A800000222046FFF748FDE3680246197849298D
:108A90007FF458AF013320460192E36000F082FA80
:108AA000019A03460421204603B0BDE8F040FEF7DA
:108AB00011BAC168032903D8DFE801F021296E4902
:108AC0000022104603B0F0BD00F090BFFEF762BD7B
:108AD000752B7FF441AF0132C260FEF7D7FD0190E4
:108AE000204600F05FFA019A03464021DBE7C368A5
:108AF000012B3FF446AF032BE2D0002BE0D1002343
:108B00002A463721CFE703320120E2605FE7187879
:108B10006D2800F08E80702800F08B800021732A71
:108B200074D15A78502A71D19B78002B6ED120468F
:108B3000019100F037FA0199034600293FF425AF6F
:108B40001A463A212046FEF7C5F903461DE7712A69
:108B50007FD1597875297CD19978002979D120461F
:108B6000FFF7C8FE06462046FFF7C4FE074620462C
:108B7000FFF7C0FE03460028A2D03A463D2120461A
:108B8000FEF7A8F9324603463C212046FEF7A2F93B
:108B90002A4603463B2186E758781978632800F077
:108BA000D380662900F0FD80642A40F0EF805A7877
:108BB000692A40F0EB809A78002A40F0E78011465D
:108BC00020460193FFF7A8FC019B06461A78632A0A
:108BD00078D159786C2975D19978002972D14521BD
:108BE000204600F0FBF8024613463A213246204662
:108BF000FEF770F92A460346392154E7013345212F
:108C00002046E36000F0EAF80346BEE62046019104
:108C1000FFF770FE019903468FE703320020E26000
:108C2000D5E60232C260FFF765FE002302464D2101
:108C300039E793F801C084457FF470AFE06890F89D
:108C400000C0BCF15F0F7FF46AAF0130E0601A78BA
:108C500064E7642A06D15A78582A03D19A78002A00
:108C60003FF47DAF1A78662A00F0A2806E2A7FF466
:108C700027AF5B78772B02D0612B7FF421AF5F2188
:108C8000204600F0ABF806462046FEF771FEE3688A
:108C900007461A78452A00F09B80702A00F08C80E5
:108CA000692A7FF40DAF5B786C2B7FF409AF204607
:108CB000FFF720FE034660E72046FEF759FEE16815
:108CC0000246A5E6642A4FD1597874294CD1997887
:108CD000002949D1E3681A78672A5ED0732A02D145
:108CE0005B78722B48D0002220461146FFF714FC17
:108CF000E3680246197849297FF476AF0133019081
:108D00002046E36000F04EF9019A03460421204614
:108D1000FEF7E0F8024667E7433B2F4ADBB222FA50
:108D200003F3DB077FF5A8AE4FF0FF3300212046A9
:108D3000A36300F089F9E36801461A78452A7FF4B5
:108D40009FAE0133E3609BE6A1F17200012804D9D4
:108D5000A1F1630001283FF624AF20460193FEF7FE
:108D600007FE019B064631E7702A05D15A78742A1E
:108D700002D19B78002BADD02046FFF7BBFD024609
:108D800032E7613B192B3FF677AECDE720460193E2
:108D9000FFF7B0FD019B064618E75B78732BA2D165
:108DA000EAE720460193FFF731FB019B06460DE7FA
:108DB0002046FFF72BFBD5E65A78692A7FF480AE70
:108DC000023345212046E36000F008F80346D4E66C
:108DD0000133E3600023D0E601020400C2680023EF
:108DE0002DE9F041157882B004468D42019325D0DB
:108DF0000F4601AD4FF0010809E0FEF76BF828605F
:108E000000F1100580B1E3681A78BA4210D0266BE1
:108E10002046C4F83080FFF76DFD024600232F2165
:108E200020462663002AE8D1002002B0BDE8F08188
:108E300001330198E36002B0BDE8F081511C1A468D
:108E4000C1602F2102B0BDE8F041FEF743B800BF7A
:108E50002DE9F04792460E46C26882B00AF001033F
:108E6000044611783546002B15BF4FF01E094FF010
:108E70001B094FF01D084FF01A0814BF1C271927B3
:108E800021E0562939D04B293DD05378002B2FD0E3
:108E9000931CE3605378782B3BD003F0DF024F2A1A
:108EA0006CD1E26A4F2B02F10902E26237D0002353
:108EB000522100222046FEF70DF82860C0B1E2687A
:108EC00000F10C0511781046FEF766FA00283AD03A
:108ED000531C7229E360D4D1E26A3946002320464C
:108EE0000932E2620022FDF7F5FF28600028E6D192
:108EF0000025284602B0BDE8F087E26A414600231B
:108F00000932E262D5E7E26A494600230632E262AC
:108F1000CFE7E36A4F211133E3620023C9E701225F
:108F2000236B204622630193FFF7E4FC019B23633C
:108F300003460028DCD0E26811784529D8D10132F7
:108F40005221E260B5E71AF0010FD2D14629D0D103
:108F5000B542CED01D201E211C2207E01B2B0BD0BA
:108F6000192B00D132700C36B542C2D03668337836
:108F70001A2BF3D13070F6E73170F4E7772BB7D1C5
:108F8000E36A20460633E362FFF718F90346002838
:108F9000AED0E26811784529AAD101325321E260AE
:108FA00087E700BFC36870B51A7884B00446452AC5
:108FB00027D00023826A03AD164603930BE0FDF72A
:108FC00089FF286000F1100570B1E1680B78452B2E
:108FD0000ED0512B0CD0204600F088FD0246002315
:108FE00030212046002AEAD10025284604B070BD71
:108FF000512B039D0FD001312846A662E16004B0D9
:1090000070BD5A1C00233021C2601A4604B0BDE86E
:109010007040FDF75FBF01310122236B20462263C0
:10902000E1600193FFF766FC019B236328B10346CF
:109030002A465E212046FDF74DFFE1680A78452A61
:10904000D2D10546D7E700BF70B5C26805460E46C7
:1090500000241378442B24D0493B0B2B07D8DFE89E
:1090600003F035060606310606060606442B0022E6
:1090700021462846FFF750FA0446002C43D0EA6800
:109080001378452B40D0002EE3D0D5E908318B4230
:1090900039DAE96941F8234001332B621378442B14
:1090A000DAD1537803F0DF03542BE0D15CBB2846C0
:1090B000FEF75EFC0446E0E72CBB2846FEF76AFAA2
:1090C0000446DAE7531C1A46EB60C2E7DCB1013212
:1090D0002846EA60FFF766FFA8B10346224604214E
:1090E0002846FDF7F7FE0446C7E701212846FEF7AC
:1090F00025FB024638B10378553B012BB8D914B98A
:109100000446EA68A5E70024204670BDC268F0B5B1
:10911000137885B004460D464E3B0C2B08D8DFE88B
:1091200003F048070707072807200707070771000C
:109130000022134619462046FFF7EEF9E36802467F
:10914000197849292CD04DB17AB3D4E908318B4232
:109150002BDAE069591C40F823202162104605B043
:10916000F0BD00221146FFF7D7F90246002DEBD1E2
:10917000F4E75378742B00F09D80002300212046F3
:109180000093FEF7DBFA024678B10178009B55396F
:109190000129CFD94BB9E36819784929DED174E0A8
:1091A00018B1D4E90810814266DB0022104605B0F0
:1091B000F0BD531CC3605378482B00F0D6800122C9
:1091C00003A9FFF745FE06460028EED00021204601
:1091D000FDF7A2FF0346012120460093FFF734FF6D
:1091E00030600028E1D0009B13B1039A0393DA604A
:1091F000E3681A78452AD8D10133039AE360002D39
:10920000A2D1ABE7531CC360517847294ED0A1F1DE
:109210005401B1FA81F14909002947D100F0FAF867
:109220000246002AC1D0E36819784529BDD1591CEE
:10923000E1605978732900F0AF8064295BD0002188
:1092400020460092FFF762FF009A0346002800F0D4
:10925000C380017801F0FD01482940F0BF801178FA
:10926000032900F0918002212046FDF733FE0246DB
:10927000002D7FF469AF71E7E06940F821200131EA
:1092800021621978493901297CD80133204600929E
:10929000E360FFF787FE009A034604212046FDF7AE
:1092A00019FE0246002D7FF44FAF57E700F04EF94C
:1092B0000246B6E7911C4369C16081698B4280F226
:1092C000988003EB830C013300214FF0030E4361C0
:1092D000006900EB8C03C3E9011100F82C104B4925
:1092E000C3E9031EE16A0331E1629278532A3FF435
:1092F00045AF00221EE7991CE1609B785F2B7AD076
:109300006E2B3FF452AF20460092FDF799FE431CAE
:109310001F463FF54AAFE168009A0B785F2B7FF458
:1093200044AF013120460092E1600021FFF7EEFEDC
:10933000009A064620B1037803F0FD03482B5CD168
:10934000D4E90513994247DA206901EB810C4FF00B
:10935000000E013100EB8C03C3E901EE616149218C
:1093600000F82C10C3E9036779E7C16A00230232D1
:1093700003AE0531C2601A46C1622121FDF7AAFD84
:10938000034628E7002388E7116908782A287FF434
:109390006AAF0020C86066E7023320460092E360AF
:1093A000FDF7DEFE00283FF400AF009AD4E9053156
:1093B0008B4211DA206903EB830C013300214FF05B
:1093C0000E0E636100EB8C03C3E9011100F82C1051
:1093D0000F49C3E9031E42E7002340E7CDE900023D
:1093E0002046FDF7BDFEDDE9003200283FF4DDAE8A
:1093F00035E7002376E7002793E720460092FDF744
:10940000AFFE009A00289BD1CFE600BF780B011079
:10941000680B011070B50E4682B000210546FFF7BB
:1094200075FE002865D00446F6B1AB68DB071BD497
:1094300023784F2BA3F11C01A3F152022ED02BD87D
:1094400005292BD9022B0CD12369002B51D01A7876
:109450004F2AA2F11C00A2F1520146D043D80528A0
:1094600043D9204602B070BDEB681B78002BF8D0C2
:10947000452BF6D021460B78042B3CD010D94F2B2E
:1094800006D0A3F11C02A3F152030FD8052A0FD86E
:10949000C9680029EFD10CE0012AE2D8E468C7E7E7
:1094A000022B05D109690029E5D102E0012BEFD992
:1094B00000212846FEF7D6FE0246D0B136B9237801
:1094C000022B03D103782A2B08BFC660EB681978FA
:1094D000512924D0134603212246284602B0BDE874
:1094E0007040FDF7F7BC0129BBD8DB682361002B76
:1094F000ADD10024B5E7CB685BB11978082901F13B
:10950000FF3208D80629D3D8012A02D81B69002BBC
:10951000F3D10121CDE7363918BF0121C9E7013365
:109520000120296BEB602863284600910192FFF728
:10953000E1F90099296338B10346019A5E21284672
:10954000FDF7C8FC0246C5E70246C3E7C16AC36827
:1095500001F114022DE9F04184B0C2621A78044688
:10956000542A29D0472A23D15A1CC2605A78FAB10A
:109570009A1CC2605A78562A00F2EC80402A17D909
:10958000413A152A14D8DFE802F0D5131313131348
:1095900013130B1313131313131313B4139D1391FA
:1095A000002303A90393FEF7B3F9002840F02581B7
:1095B000002004B0BDE8F0815A1CC2605A78002A2D
:1095C000F6D09A1CC2605B78413B352BF0D801A2E3
:1095D00052F823F021980010B19500102D9800103A
:1095E000B1950010B195001061980010B195001070
:1095F0006D980010AF98001053990010B1950010AD
:10960000B1950010B1950010B1950010B195001002
:10961000B1950010B1950010B19500104799001058
:109620005F990010B1950010BB980010CB98001006
:10963000B1950010B1950010B1950010B1950010D2
:10964000B1950010B1950010B1950010B1950010C2
:10965000B1950010B1950010B1950010D998001087
:10966000B1950010B1950010B1950010B1950010A2
:1096700017990010B1950010B1950010B195001028
:10968000B1950010B1950010B1950010B195001082
:10969000B1950010B1950010B1950010B195001072
:1096A000B1950010B19500107B9800100021FFF7D4
:1096B0002DFD002302461321204604B0BDE8F041F1
:1096C000FDF708BC9A78002A00F0A280DA1CC2607C
:1096D0009A78DB786E2A00F06A81472B02D0542BEF
:1096E00040F096802046FFF731FF024600234B21D1
:1096F000E2E70021FFF70AFD0246D4E9051399428B
:1097000080F28C8001EB810C0190206901314FF0D7
:10971000000E00EB8C03C3E901EE6161442100936C
:1097200000F82C102046FDF78BFC009B019AD860B6
:109730001621C1E79978472966D0A1F15401B1FA01
:1097400081F1490900295FD1FFF764FE0246002339
:109750001721B1E7722A7FF42BAFFDF771FC0128C6
:109760007FF726AFE3681A78002A3FF421AF5A1C2E
:10977000E26017461B785F2B7FF41AAF4FF00008AA
:10978000461E3B78002B3FF413AF242B40F0EF80B4
:109790007B78532B00F005815F2B00F00481242B94
:1097A0007FF406AF1A46E3689F1CD4E9051399427B
:1097B00080F2FB80206901EB810C0025013100EB78
:1097C0008C03023EC3E9015561614FF0430100F88B
:1097D0002C10DA60E7604246002A00F0E080422167
:1097E0002046FDF777FB804600283FF4E1AE002ECF
:1097F000C7DC0023424641215EE7039A002A3FF47A
:10980000D7AE0023582157E7FFF7A0FE02469EE798
:1098100000212046FFF7FEFD024667E7002387E7A9
:1098200000F064F900230246312145E7FEF7A0F875
:1098300005462046FDF704FC0028FFF6B9AEE368B4
:109840001A785F2A7FF4B4AE01332046E360FEF756
:109850008FF80246E06A2B460B210530E0622BE7C9
:10986000FEF786F8002302460E2125E70021FFF7C8
:109870004DFC0023024614211EE77621FDF718FC5B
:1098800000283FF495AEE36820461B78472B00F094
:109890009C80A3F15401B1FA81F14909002940F0FB
:1098A0009480FFF7B7FD02460023102104E7FEF77E
:1098B0005FF8002302460C21FEE60F31C162FEF77D
:1098C00057F8002302460921F6E60021FFF71EFCA7
:1098D000002302461521EFE60021FDF7E9FB0028F1
:1098E0003FF466AE00212046FDF7E2FB00283FF47E
:1098F0005FAEE36820461B78472B72D0A3F154017A
:10990000B1FA81F1490900296BD1FFF783FD0246C5
:1099100000231121D0E66821FDF7CAFB00283FF49F
:1099200047AEE36820461B78472B52D0A3F1540181
:10993000B1FA81F1490900294BD1FFF76BFD0246CD
:1099400000230F21B8E6FEF713F8002302460D218D
:10995000B2E6FEF70DF8002302461221ACE60A310A
:10996000C162FEF705F8002302460A21A4E6791E2B
:10997000002211F8013F23B1242B02D00132B24260
:10998000F7D139462046FDF737FBE36813441F46FD
:10999000E360034600283FF40BAEB61A1BE7984677
:1099A00025E72F22FFE62E22FDE6E76000E6472BA3
:1099B00013D0A3F15401B1FA81F1490969B9FFF754
:1099C00029FD024600234C2176E6FFF7BFFD024643
:1099D0006AE7FFF7BBFD0246B2E7FFF7B7FD0246B5
:1099E000F0E7FFF7B3FD024692E700BFC268F8B5A3
:1099F00013784C2B1FD1531C0446C36051785F2948
:109A00004BD05A291AD0FDF7B3FF054698B1037819
:109A1000E268282B164647D013786E2B28D03E27B5
:109A2000452B5BD0324603E0E2601378452B25D00E
:109A30000132002BF8D100252846F8BD5F292CD033
:109A40005A1C2046E2605978472941D0A1F15401BF
:109A5000B1FA81F1490900293AD1FFF7DBFCE3684B
:109A600005461A78452AE6D101332846E360F8BD59
:109A7000721C3F27E26073781646D1E7921B31468D
:109A80002046FDF7B9FA2A46034639462046FDF737
:109A900021FAE36805461A78E4E7931CE3609278BC
:109AA0005A2ACDD00025DDE7C3681A7C1AB1E26AD4
:109AB0005968521AE26218680B4905F09FFF337823
:109AC0000028AAD1452B0BD06E2BD1D03E27A9E779
:109AD000FFF73CFDE36805461A78C3E70022CEE7AE
:109AE000731CE360A8E700BF7C0B0110C26811780B
:109AF0004C291ED0034606D8493901291BD801320A
:109B0000C260FFF74FBA582915D10132012110B5B3
:109B100082B0046BC26001630190FEF7EBFE019B13
:109B2000DA681C631178452908D10132DA6002B085
:109B300010BDFFF75BBF1846FDF71ABF0020F6E720
:109B40002DE9F04F044697B0002A76D0D0F81831AE
:109B5000002B75D192F800C01546BCF15F0F6CD890
:109B6000DFE81CF04D053E013E01FA07BE0774090F
:109B70006909FE008F0952034C033D0337031905A1
:109B8000BF048B0457042304EF03BB038703350989
:109B90000109CD0886089900990099007A007A0099
:109BA0007A007A007A007A007A007A001B011B01A1
:109BB0007A007A004F07720011038806B1006B002B
:109BC000B1004D014D018A075006F60BAD0B6B003D
:109BD0004A087E08240D4A0B6B00070B6B006B00D4
:109BE000C900C900F006D90913079809920A410A69
:109BF0000D0A1302AB016B007701DF01D30A660C7B
:109C00002D0C7A00C20CE5057A007A009C05000153
:109C1000000187051B07FA0CA60972001C068002CA
:109C20004702B802AEF15206012E00F2BE87C068AC
:109C3000103310B1042F40F0A2870123C4F818316B
:109C400017B0BDE8F08F3D46EA681121204617B0F5
:109C5000BDE8F04F02F0AABED0F8141106AACDE973
:109C60000615D4F81011C4F814210022CDE90821FA
:109C7000EA6811212046019302F098FE089A019BA0
:109C8000002A01F03D87069AC4F81421002BD7D092
:109C9000C4F81071D4E7D0F81401002802F00E8641
:109CA0000246916841B951680978A1F1190EBEF1D7
:109CB000020F04D88C45C7D01268002AF1D106AA39
:109CC000CDE90605CDE70023D0F8142106A90795B4
:109CD0000893D0F81031C0F81411112106922A69A6
:109CE000099302F063FE089B002B02F0E980069BBB
:109CF000C4F81431A4E7EA681178282942F05480A6
:109D0000D268137C062B1E4602F2FD8023B12A691D
:109D10001278002A02F09085D4F80011FF2902F091
:109D200047834B1CC4F8003128232046635411217B
:109D300084F80431EA6802F039FED4F80011FF29F2
:109D400002F024834B1CC4F800312923635484F8A7
:109D500004312B783F2B02F01383082E02F004838A
:109D60002A6972E7EA68002A02F02180112102F0D4
:109D70001DFE2B78562B02F01E80EB68002BEFD0D7
:109D80002E23D4F80011FF2902F09F834A1CC4F847
:109D90000021635484F80431E2E7E868D4F8202114
:109DA00090F800E022B9BEF1050F01F0548413468B
:109DB000BEF1240F02F06C802A787245D4E9441C6D
:109DC00002F0D681BEF1250F01F05C8706AACDF81E
:109DD00018C00991C4F8142100220795089247E79A
:109DE000EA68112102F0E2FDC1492046FDF734FB8B
:109DF0002D692B78492B01F0E7832A4625E7EA688D
:109E000012B1112102F0D2FD2B69002B3FF418AFE3
:109E1000D4F80011FD2902F29281B6492046FDF7DF
:109E20001BFBD4F800312A69112120461E46D4F8C4
:109E3000285102F0BBFDD4F82831AB427FF400AFCB
:109E4000D4F80031B3427FF4FBAE023BC4F80031DA
:109E5000F6E62F46D0F80011A74D0AE00135511C57
:109E6000C4F80011A35484F80431A44BAB4201F0B0
:109E7000FB85FF296B780A46F0D101934FF0000370
:109E8000D4F80C21204684F8FF30D4F808319847E4
:109E9000019B6A1C237084F804310123C4F800314B
:109EA000D4F828310133C4F82831944B934201F09F
:109EB000DB8515F8023F0122D1E72F46D0F80011CB
:109EC0008F4D0AE00135511CC4F80011A35484F8E9
:109ED00004318C4BAB4201F01B86FF296B780A469C
:109EE000F0D101934FF00003D4F80C21204684F800
:109EF000FF30D4F808319847019B6A1C237084F81E
:109F000004310123C4F80031D4F828310133C4F8F6
:109F100028317C4B934202F0C98115F8023F01229F
:109F2000D1E72F46D0F80011774D0AE00135511CDA
:109F3000C4F80011A35484F80431744BAB423FF4CD
:109F400082AEFF296B780A46F0D101934FF00003EF
:109F5000D4F80C21204684F8FF30D4F80831984713
:109F6000019B6A4A237084F804310123C4F800314C
:109F7000D4F828310133C4F828316B1C93423FF4E4
:109F800062AE15F8023F0122D1E72F46D0F800114A
:109F90005F4D0AE00135511CC4F80011A35484F848
:109FA00004315C4BAB423FF44EAEFF296B780A465E
:109FB000F0D101934FF00003D4F80C21204684F82F
:109FC000FF30D4F808319847019B6A1C237084F84D
:109FD00004310123C4F80031D4F828310133C4F826
:109FE00028314C4B93423FF42EAE15F8023F01222C
:109FF000D1E71121EA6802F0D9FC474ED4F80011EC
:10A000002F460AE02E46511CC4F80011A35484F8D0
:10A010000431424BB34201F0B8833546FF290A466A
:10A0200015F8013BEED101934FF00003D4F80C2159
:10A03000204684F8FF300236D4F808319847019B57
:10A04000237084F804310123C4F80031D4F8283196
:10A050000133C4F82831314BAB4201F096832B78A1
:10A060000122D0E71121EA6802F0A0FC2C4ED4F8BE
:10A0700000110AE02E46511CC4F80011A35484F8C4
:10A080000431284BB3423FF4DBAD3546FF290A4685
:10A0900015F8013BEED101934FF00003D4F80C21E9
:10A0A000204684F8FF300236D4F808319847019BE7
:10A0B000237084F804310123C4F80031D4F8283126
:10A0C0000133C4F82831174B9D423FF4B9AD2B78CA
:10A0D0000122D0E7EB685A68002A01F0B2831B68BE
:10A0E000A846D0F800111A445D1E561E26E000BF97
:10A0F0009C0B0110980B0110070E0110150E01109A
:10A10000FB0D0110020E0110230D0110390D01107D
:10A11000DB0D0110F70D0110500E01105A0E011049
:10A12000A80D0110AB0D01100135511CAE42C4F851
:10A130000011A35484F8043101F08283FF296B7865
:10A1400005F101070A46EFD101934FF00003D4F85F
:10A150000C21204684F8FF30D4F8083198470123B9
:10A16000BE42C4F80031019B237084F80431D4F856
:10A17000283103F10103C4F8283101F0618315F897
:10A18000023F0122D1E7EA68CAB106ABD0F8141148
:10A190000795C0F814310023069111210893D0F8D7
:10A1A0001031099302F002FC069A089BC4F81421AE
:10A1B000002B7FF445AD20212046FDF70BF9D4F8A4
:10A1C00014312A461121204617B0BDE8F04F02F0A5
:10A1D000EDBFC649FDF740F91121EA6836E5C449EB
:10A1E000FDF73AF9EA681121204602F0DFFBC14988
:10A1F0002046FDF731F911212A6927E5BE49FDF70F
:10A200002BF91121EA6821E5BC4E2F46D0F8001148
:10A210000AE02E46511CC4F80011A35484F80431FE
:10A22000B74BB3423FF40FAD3546FF290A4615F848
:10A23000013BEED101934FF00003D4F80C212046EE
:10A2400084F8FF300236D4F808319847019B237018
:10A2500084F804310123C4F80031D4F828310133E3
:10A26000C4F82831A64BAB423FF4EDAC2B78012269
:10A27000D0E72F46D0F80011A24D0AE00135511C5D
:10A28000C4F80011A35484F804319F4BAB423FF44F
:10A29000DAACFF296B780A46F0D101934FF0000346
:10A2A000D4F80C21204684F8FF30D4F808319847C0
:10A2B000019B6A1C237084F804310123C4F8003127
:10A2C000D4F828310133C4F828318F4B93423FF43E
:10A2D000BAAC15F8023F0122D1E72F46D0F80011A1
:10A2E0008A4D0AE00135511CC4F80011A35484F8CA
:10A2F0000431874BAB423FF4A6ACFF296B780A468A
:10A30000F0D101934FF00003D4F80C21204684F8DB
:10A31000FF30D4F808319847019B7D4A237084F8B8
:10A3200004310123C4F80031D4F828310133C4F8D2
:10A3300028316B1C93423FF486AC15F8023F012292
:10A34000D1E72F46D0F80011724D0AE00135511CBB
:10A35000C4F80011A35484F804316F4BAB423FF4AE
:10A3600072ACFF296B780A46F0D101934FF00003DD
:10A37000D4F80C21204684F8FF30D4F808319847EF
:10A38000019B6A1C237084F804310123C4F8003156
:10A39000D4F828310133C4F828315F4B93423FF49D
:10A3A00052AC15F8023F0122D1E72F46D0F8001138
:10A3B0005A4D0AE00135511CC4F80011A35484F829
:10A3C0000431574BAB423FF43EACFF296B780A4651
:10A3D000F0D101934FF00003D4F80C21204684F80B
:10A3E000FF30D4F808319847019B6A1C237084F829
:10A3F00004310123C4F80031D4F828310133C4F802
:10A400002831474B93423FF41EAC15F8023F01221E
:10A41000D1E72F46D0F80011424D0AE00135511C1A
:10A42000C4F80011A35484F804313F4BAB423FF40D
:10A430000AACFF296B780A46F0D101934FF0000374
:10A44000D4F80C21204684F8FF30D4F8083198471E
:10A45000019B6A1C237084F804310123C4F8003185
:10A46000D4F828310133C4F828312F4B93423FF4FC
:10A47000EAAB15F8023F0122D1E72F46D0F80011D0
:10A480002A4D0AE00135511CC4F80011A35484F888
:10A490000431274BAB423FF4D6ABFF296B780A4619
:10A4A000F0D101934FF00003D4F80C21204684F83A
:10A4B000FF30D4F808319847019B6A1C237084F858
:10A4C00004310123C4F80031D4F828310133C4F831
:10A4D0002831174B93423FF4B6AB15F8023F0122E7
:10A4E000D1E72F46D0F80011124D30E0300C0110AA
:10A4F0000C0C0110280C0110000C0110F40B0110C1
:10A50000FF0B0110BF0C0110D50C0110AB0C01109A
:10A51000BE0C01109B0C0110AA0C01107F0C011045
:10A52000990C01106B0C01107C0C0110670C0110D0
:10A530007C0C0110530C01100135511CC4F80011A2
:10A54000A35484F80431C24BAB423FF47CABFF29E7
:10A550006B780A46F0D101934FF00003D4F80C2138
:10A56000204684F8FF30D4F808319847019B6A1CD4
:10A57000237084F804310123C4F80031D4F8283161
:10A580000133C4F82831B24B93423FF45CAB15F869
:10A59000023F0122D1E72F46D0F80011AD4D0AE06D
:10A5A0000135511CC4F80011A35484F80431AA4B9E
:10A5B000AB423FF448ABFF296B780A46F0D10193D8
:10A5C0004FF00003D4F80C21204684F8FF30D4F873
:10A5D00008319847019B6A1C237084F804310123D9
:10A5E000C4F80031D4F828310133C4F828319A4B2B
:10A5F00093423FF428AB15F8023F0122D1E72B69C3
:10A60000002B3FF41DABED68D0F800112B44013D49
:10A610005E1E09E00135511CAE42C4F80011A3547E
:10A6200084F804313FF40CABFF296B7805F1010786
:10A630000A46EFD101934FF00003D4F80C212046D5
:10A6400084F8FF30D4F8083198470123BE42C4F89B
:10A650000031019B237084F80431D4F8283103F1D0
:10A660000103C4F828313FF4EBAA15F8023F012298
:10A67000D1E71121EA6802F099F9D4F80011FF2915
:10A6800001F03F864A1C4023C4F800212046635451
:10A69000112184F804312A69FFF7D9BAD0F80011E2
:10A6A000FF2901F01D864A1C5B232F46C4F80021B8
:10A6B000635484F80431FA681121204602F076F9D7
:10A6C0003B69D4F800111F46002B01F02581634E31
:10A6D00009E02E46511CC4F80011A35484F804313B
:10A6E0005F4BB342E7D03546FF290A4615F8013BD8
:10A6F000EFD101934FF00003D4F80C21204684F8E9
:10A70000FF300236D4F808319847019B237084F853
:10A7100004310123C4F80031D4F828310133C4F8DE
:10A7200028314F4BAB42C6D02B780122D2E7EA68E2
:10A73000112102F03BF94B4DD4F800110AE001352C
:10A74000511CC4F80011A35484F80431464BAB42A9
:10A750003FF476AAFF296B780A46F0D101934FF0B7
:10A760000003D4F80C21204684F8FF30D4F80831D7
:10A770009847019B6A1C237084F804310123C4F8B4
:10A780000031D4F828310133C4F82831364B9342D4
:10A790003FF456AA15F8023F0122D1E72F46D0F820
:10A7A0000011324D0AE00135511CC4F80011A354C8
:10A7B00084F804312E4BAB4201F0BF80FF296B7847
:10A7C0000A46F0D101934FF00003D4F80C21204643
:10A7D00084F8FF30D4F808319847019B6A1C237035
:10A7E00084F804310123C4F80031D4F8283101334E
:10A7F000C4F828311E4B934201F09F8015F8023FA8
:10A800000122D1E7D5E9032512B1112102F0CEF8DA
:10A81000D4F80011FF2901F014854A1C7B23C4F8E9
:10A82000002120462A466354112184F8043102F0A5
:10A83000BDF8D4F80011FF2901F052814A1C7D2394
:10A84000C4F80021635484F80431FFF7F9B900BF5C
:10A85000630C01103F0C0110510C0110980B0110FA
:10A860009A0B0110230E01102B0E01103B0E01104C
:10A87000430E0110D0F814E1002306AA07950893AF
:10A880007146D0F810311746F146CDF818E0C0F8FF
:10A8900014210993002902F01C80AA464FF0010CF4
:10A8A0007546804614461AE0AB68B3B9BCF1030F95
:10A8B00001F2AE8516AB03EB0C1E95E80F00AEF16E
:10A8C000400686E80F004EF8404C012307EB0C14BD
:10A8D0000CF1010CC8F81441AB602D6825B16B6810
:10A8E0001B78193B022BDFD9DAF8102011214046E2
:10A8F000664602F05BF8089B55464446C8F814913A
:10A90000002B7FF49DA9012E13D907EB06133246C5
:10A91000574646461D461446013C55F80C2C11215D
:10A92000304602F077F8012CA5F11005F4D13D4630
:10A930003446D4F814312A461121204602F0C6FECE
:10A94000FFF77EB91121EA6802F030F8D4F800115F
:10A95000FF2901F050844A1C2823C4F80021204616
:10A960006354112184F804312A6902F01FF8D4F8E5
:10A970000011FF2900F0C0874A1C2923C4F80021D8
:10A98000635484F80431FFF75BB9EA68112102F0DF
:10A990000DF811212A69FFF759B92F46D0F8001197
:10A9A000B94D0AE00135511CC4F80011A35484F8D4
:10A9B0000431B64BAB423FF446A9FF296B780A46F7
:10A9C000F0D101934FF00003D4F80C21204684F815
:10A9D000FF30D4F808319847019B6A1C237084F833
:10A9E00004310123C4F80031D4F828310133C4F80C
:10A9F0002831A64B93423FF426A915F8023F0122C5
:10AA0000D1E7EA685368002B3FF41AA91568D0F81B
:10AA100000112B44013D5E1E09E00135511CAE4280
:10AA2000C4F80011A35484F804313FF409A9FF29A4
:10AA30006B7805F101070A46EFD101934FF000034F
:10AA4000D4F80C21204684F8FF30D4F80831984718
:10AA50000123BE42C4F80031019B237084F8043105
:10AA6000D4F8283103F10103C4F828313FF4E8A8F1
:10AA700015F8023F0122D1E72F46D0F80011844D8E
:10AA80000AE00135511CC4F80011A35484F80431C4
:10AA9000804BAB423FF4D7A8FF296B780A46F0D130
:10AAA00001934FF00003D4F80C21204684F8FF30C6
:10AAB000D4F808319847019B764A237084F8043112
:10AAC0000123C4F80031D4F828310133C4F8283107
:10AAD0006B1C93423FF4B7A815F8023F0122D1E75F
:10AAE000D0F848210023C0F8485111211646D0F86B
:10AAF0001421C0F814311746EA6801F057FF94F8A2
:10AB000004313C2B01F07183D4F80011FF2901F0CE
:10AB10005A834B1CC4F800313C2320466354112156
:10AB200084F804312A6901F041FF94F804313E2B86
:10AB300001F04383D4F80011FF2901F02E834B1C50
:10AB4000C4F800313E23635484F80431C4F814710E
:10AB5000C4F84861FFF774B8D0F814110022EB680C
:10AB60008846C0F81421002B3FF467A8D0F81011D4
:10AB70002E46184617460D4606AB94463146C3F896
:10AB800008C00137C4F81431DD60C3E9002090F833
:10AB900000E01A46BEF14F0F3FF449A83FF642A825
:10ABA000AEF11C06052E7FF642A8064670460B46FF
:10ABB000294602281D4601F00D84042801F0328444
:10ABC0002A691121204601F0F1FE3378042B02D1CD
:10ABD000049BC4F8103106AA204602EB071555F86D
:10ABE000084C002C01F02F80103D06AB9D42F6D1A1
:10ABF000C0F81481FFF724B82F46D0F80011264D75
:10AC00000AE00135511CC4F80011A35484F8043142
:10AC1000224BAB4200F0CA86FF296B780A46F0D17E
:10AC200001934FF00003D4F80C21204684F8FF3044
:10AC3000D4F808319847019B184A237084F80431EE
:10AC40000123C4F80031D4F828310133C4F8283185
:10AC50006B1C934200F0AA8615F8023F0122D1E74F
:10AC6000EA681121204617B0BDE8F04F02F016BE89
:10AC70002B69002B3EF4E4AFED68D0F800112B44B3
:10AC8000013D5E1E16E000BFDB0B0110F20B011050
:10AC9000BB0B0110D90B0110470D0110500D011015
:10ACA0000135511CAE42C4F80011A35484F804319C
:10ACB0003EF4C6AFFF296B7805F101070A46EFD1D4
:10ACC00001934FF00003D4F80C21204684F8FF30A4
:10ACD000D4F8083198470123BE42C4F80031019BE3
:10ACE000237084F80431D4F8283103F10103C4F847
:10ACF00028313EF4A5AF15F8023F0122D1E72F46D7
:10AD0000D0F80011BA4D0AE00135511CC4F8001109
:10AD1000A35484F80431B74BAB423EF494AFFF29FF
:10AD20006B780A46F0D101934FF00003D4F80C2160
:10AD3000204684F8FF30D4F808319847019BAD4A8B
:10AD4000237084F804310123C4F80031D4F8283189
:10AD50000133C4F828316B1C93423EF474AF15F8EC
:10AD6000023F0122D1E72F46D0F80011A24D0AE0A0
:10AD70000135511CC4F80011A35484F804319F4BD1
:10AD8000AB4200F02C86FF296B780A46F0D1019384
:10AD90004FF00003D4F80C21204684F8FF30D4F89B
:10ADA00008319847019B954A237084F804310123A8
:10ADB000C4F80031D4F828310133C4F828316B1CB1
:10ADC000934200F00C8615F8023F0122D1E72F468E
:10ADD000D0F800118A4D0AE00135511CC4F8001169
:10ADE000A35484F80431874BAB423EF42CAFFF29C7
:10ADF0006B780A46F0D101934FF00003D4F80C2190
:10AE0000204684F8FF30D4F808319847019B6A1C2B
:10AE1000237084F804310123C4F80031D4F82831B8
:10AE20000133C4F82831774B93423EF40CAF15F848
:10AE3000023F0122D1E7ED68002D40F032877249D0
:10AE4000204617B0BDE8F04FFCF706BBEA68D0F823
:10AE50002031511C8B4240F36187D0F810311146EC
:10AE60005B68DB68002A01F08A8023B9FEF7E5BE43
:10AE7000002901F084801B690139002BF8D1FEF70D
:10AE8000DCBED0F80011FF2901F04D824A1C7E2360
:10AE9000FFF7FABBD0F80011ED68FF2901F0F4814B
:10AEA0004B1CC4F80031655484F80451FEF7C8BE49
:10AEB000564DD0F800110AE00135511CC4F80011BC
:10AEC000A35484F80431524BAB423EF4B9AEFF298F
:10AED0006B780A46F0D101934FF00003D4F80C21AF
:10AEE000204684F8FF30D4F808319847019B484A3F
:10AEF000237084F804310123C4F80031D4F82831D8
:10AF00000133C4F828316B1C93423EF499AE15F816
:10AF1000023F0122D1E72F46D0F800113D4D0AE053
:10AF20000135511CC4F80011A35484F804313A4B84
:10AF3000AB423EF488AEFF296B780A46F0D101930C
:10AF40004FF00003D4F80C21204684F8FF30D4F8E9
:10AF500008319847019B304A237084F8043101235B
:10AF6000C4F80031D4F828310133C4F828316B1CFF
:10AF700093423EF468AE15F8023F0122D1E72F4616
:10AF8000D0F80011254D0AE00135511CC4F800111C
:10AF9000A35484F80431224BAB423EF454AEFF2953
:10AFA0006B780A46F0D101934FF00003D4F80C21DE
:10AFB000204684F8FF30D4F808319847019B6A1C7A
:10AFC000237084F804310123C4F80031D4F8283107
:10AFD0000133C4F82831124B93423EF434AE15F8D5
:10AFE000023F0122D1E70F4E2F46D0F8001126E094
:10AFF0000B0D01101C0D0110F30C0110080D0110B8
:10B00000D70C0110F00C0110AC0D01102F0E011027
:10B01000370E01108B0D0110990D0110BB0D0110A1
:10B02000D80D01109C0D01102E46511CC4F80011C2
:10B03000A35484F80431BC4BB34200F0538435462A
:10B04000FF290A4615F8013BEED101934FF00003AA
:10B05000D4F80C21204684F8FF300236D4F80831A9
:10B060009847019B237084F804310123C4F8003110
:10B07000D4F828310133C4F82831AB4B9D4200F09D
:10B0800031842B780122D0E7EA6806A8A749F9F7AE
:10B0900015F906A804F090FD00283EF4D1AD06ABEA
:10B0A000D4F800111E461F1809E02E46511CB74265
:10B0B000C4F80011A35484F804313EF4C1AD354600
:10B0C000FF290A4615F8013BEFD101934FF0000329
:10B0D000D4F80C21204684F8FF300236D4F8083129
:10B0E0009847019BBD42237084F804314FF001035F
:10B0F000C4F80031D4F8283103F10103C4F8283131
:10B100003EF49EAD2B780122D0E72F46D0F80011F7
:10B11000874D0AE00135511CC4F80011A35484F88E
:10B120000431844BAB423EF48EADFF296B780A4666
:10B13000F0D101934FF00003D4F80C21204684F89D
:10B14000FF30D4F808319847019B7A4A237084F87D
:10B1500004310123C4F80031D4F828310133C4F894
:10B1600028316B1C93423EF46EAD15F8023F01226C
:10B17000D1E72B691A783C2A7EF45FAD1B691B78F6
:10B180003D2B7EF45AAD2A46112102F013FE002811
:10B190007EF456AD2A461121204602F04DFF0028CC
:10B1A0007EF44EADD5E90363F168DA681B6908687F
:10B1B00061490192D3E9037504F020FC019A00284B
:10B1C00041F0B5831121204602F05CFD3246112189
:10B1D000204602F063FB112120463A4602F052FD60
:10B1E00056492046FCF738F92A461121204617B067
:10B1F000BDE8F04F02F046BD2B691B783A2B7EF478
:10B200001CADEA68D3681B685978632901F01C817A
:10B210002A461121204602F0CDFD00287EF410AD13
:10B220002A461121204602F007FF00287EF408ADCF
:10B23000EB681A78332A01F02083DB6840491868EC
:10B2400004F0DCFB2B69DA6818B91378032B01F0E2
:10B250005A831121204602F015FDEA683949D36866
:10B2600002921B681846019304F0C8FB029A00285A
:10B2700001F0148301983249019204F0BFFB019A56
:10B28000002841F04E832B69112120461A6902F0F3
:10B29000F9FCEB681A78332A7EF4D2ACDB689A6842
:10B2A000012A7EF4CDAC5B681B783E2B7EF4C8ACE3
:10B2B0002921204617B0BDE8F04FFCF78BB82F4688
:10B2C000D0F80011204D0AE00135511CC4F80011DE
:10B2D000A35484F804311D4BAB4200F05682FF2981
:10B2E0006B780A46F0D101934FF00003D4F80C219B
:10B2F000204684F8FF30D4F808319847019B6A1C37
:10B30000237084F804310123C4F80031D4F82831C3
:10B310000133C4F828310D4B934200F0368215F802
:10B32000023F0122D1E700BFA60D0110280B01103A
:10B330001F0D0110390D0110600D0110640D011079
:10B34000580D01105C0D0110470D0110500D01103A
:10B35000EA68D0F8001193689046C54D1F460AE090
:10B360000135511CC4F80011A35484F80431C14BB9
:10B37000AB4200F02282FF296B780A46F0D101939C
:10B380004FF00003D4F80C21204684F8FF30D4F8A5
:10B3900008319847019BB74A237084F80431012390
:10B3A000C4F80031D4F828310133C4F828316B1CBB
:10B3B000934200F0028215F8023F0122D1E71121E9
:10B3C000EA6801F0F3FAAC4ED4F800112F460AE017
:10B3D0002E46511CC4F80011A35484F80431A74B25
:10B3E000B34200F0D5813546FF290A4615F8013BE6
:10B3F000EED101934FF00003D4F80C21204684F8DD
:10B40000FF300236D4F808319847019B237084F846
:10B4100004310123C4F80031D4F828310133C4F8D1
:10B420002831964BAB4200F0B3812B780122D0E754
:10B43000D0F820311F46002B40F01C84E968FCF74F
:10B4400047F8002800F01684BC460378302B40F003
:10B450007086C368002B00F06C8600690CF1010C4B
:10B460000028F2D1ED68E146C4F824712A46112182
:10B47000204601F09BFA7B1C4B451F463EF4E0AB97
:10B48000D4F80011A8467E4E0AE02E46511CC4F89E
:10B490000011A35484F804317A4BB34200F08B813D
:10B4A0003546FF290A4615F8013BEED101934FF0CE
:10B4B0000003D4F80C21204684F8FF300236D4F87B
:10B4C00008319847019B0122237084F80431D4F895
:10B4D0002831C4F800210133C4F82831694B9D425A
:10B4E00000F069812B78D1E7EA6811212F4601F03D
:10B4F0005DFA654DD4F800110AE00135511CC4F81D
:10B500000011A35484F80431604BAB4200F0408139
:10B51000FF296B780A46F0D101934FF00003D4F86D
:10B520000C21204684F8FF30D4F808319847019B5D
:10B53000564A237084F804310123C4F80031D4F84A
:10B5400028310133C4F828316B1C934200F020816C
:10B5500015F8023F0122D1E7D0F80011FF2900F0D1
:10B5600082864A1C3C23C4F80021635484F80431C9
:10B57000EA686AB10025002D40F0D08011212046F4
:10B58000019201F013FA019A01351269002AF2D1F1
:10B59000D4F80011FF2900F0D7864A1C3E23C4F8D6
:10B5A0000021635484F80431FEF74ABBD5E9033522
:10B5B0001A78332A00F02084352A00F094841A4641
:10B5C000112102F06BF90FE631492046FBF744FFE9
:10B5D0002A69304906A80132F8F770FE06A804F07F
:10B5E000EBFA002800F0D18506ABD4F80011A8468C
:10B5F0001E461F1809E02E46511CB742C4F8001120
:10B60000A35484F8043100F0BF853546FF290A466B
:10B6100015F8013BEFD101934FF00003D4F80C2152
:10B62000204684F8FF300236D4F808319847019B51
:10B63000AF42237084F804314FF00103C4F80031A5
:10B64000D4F8283103F10103C4F8283100F09C85B7
:10B650002B780122D0E7D4F834C1944541F384809B
:10B66000D4F830E1264613461446714619E000BF6F
:10B670003B0D0110430D0110900B0110950B0110B3
:10B68000980B01109A0B0110170E01101F0E0110DC
:10B69000A00B0110280B01109C4501F1080101F0DD
:10B6A00061805EF8332001339042F5D12246344662
:10B6B000002901F05980D6F82CC1BCF1000F01F02F
:10B6C00098806346964607E09C4501D0AA4206D082
:10B6D0005B68002B01F08D801A688242F4D101462C
:10B6E0002046CDF804E0FBF79DFE019A00283EF4C9
:10B6F000A4AA90F800E0BEF1300F7EF458ABD4F865
:10B7000024110029C0F22D85FBF7F4FD002801F07B
:10B710002881134690F800E0FEF74ABBD4F80011E8
:10B720001746B34EA84609E02E46511CC4F8001136
:10B73000A35484F80431AF4BB34223D03546FF29DC
:10B740000A4615F8013BEFD101934FF00003D4F8FE
:10B750000C21204684F8FF300236D4F8083198478F
:10B76000019B237084F804310123C4F80031D4F81C
:10B7700028310133C4F828319E4BAB4202D02B78DC
:10B780000122D2E73A464546F8E63D46FEF7E8BADA
:10B7900011213A69204601F009F9D4F80011FF2976
:10B7A00000F00C834A1C5D23C4F80021635484F824
:10B7B0000431FEF745BA454656E6D8F804502B78D2
:10B7C000613B192B40F273837B1EEA5C202A18BF71
:10B7D0003B46002B3EF434AA013DD4F80011EE188C
:10B7E00009E00135511CAE42C4F80011A35484F89D
:10B7F00004313EF425AAFF296B7805F101070A46BA
:10B80000EFD101934FF00003D4F80C21204684F8C7
:10B81000FF30D4F8083198470123BE42C4F8003104
:10B82000019B237084F80431D4F8283103F101031B
:10B83000C4F828313EF404AA15F8023F0122D1E7EA
:10B840004546B5F9102006A86B49F8F737FD06A85C
:10B8500004F0B2F9A8B306ABD4F80011A8461E460E
:10B860001F1808E02E46511CB742C4F80011A3541B
:10B8700084F8043124D03546FF290A4615F8013BE7
:10B88000F0D101934FF00003D4F80C21204684F846
:10B89000FF300236D4F808319847019BAF4223703D
:10B8A00084F804314FF00103C4F80031D4F8283192
:10B8B00003F10103C4F8283102D02B780122D2E72A
:10B8C0004546AD7C002D3EF4BBA9D4F80011FF29FC
:10B8D00000F07E874B1CC4F80031655484F8045195
:10B8E000FEF7AEB91121FA68204601F05FF8D4F8EE
:10B8F0000011FF297FF440A800252046D4E94232F8
:10B9000084F8FF509847D4F828310122294613447F
:10B91000C4F82831FFF731B8FF297FF443AF204640
:10B9200084F8FF70D4E942329847D4F828310122D4
:10B9300039461344C4F8283135E71121FA68204606
:10B940002E4E01F033F8D4F800110AE02E46511CB7
:10B95000C4F80011A35484F80431294BB3423EF4D7
:10B960006FA93546FF290A4615F8013BEED1019330
:10B970004FF00003D4F80C21204684F8FF30023643
:10B98000D4F808319847019B237084F804310123CF
:10B99000C4F80031D4F828310133C4F82831184BE9
:10B9A000AB423EF44DA92B780122D0E7D4F84831C0
:10B9B000FA6833B1D4F8100106A9CDE90603C4F83A
:10B9C00010111121204600F0F1FFD4F84831002B6E
:10B9D0003EF436A9069BC4F81031FEF731B91121A7
:10B9E0003A692046074E00F0E1FFD4F8001116E056
:10B9F000980B01109A0B0110280B0110480E011032
:10BA00004E0E0110EC0C01102E46511CC4F8001112
:10BA1000A35484F80431C54BB3423EF414A935460F
:10BA2000FF290A4615F8013BEED101934FF00003C0
:10BA3000D4F80C21204684F8FF300236D4F80831BF
:10BA40009847019B237084F804310123C4F8003126
:10BA5000D4F828310133C4F82831B44BAB423EF45A
:10BA6000F2A82B780122D0E7FA6806A8B049013283
:10BA7000F8F724FC06A804F09FF8D4F8001160B38E
:10BA800006AB1F181E4608E02E46511CB742C4F8EC
:10BA90000011A35484F804311FD03546FF290A460B
:10BAA00015F8013BF0D101934FF00003D4F80C21BD
:10BAB000204684F8FF300236D4F808319847019BBD
:10BAC000BD422370D4F8283103F10103C4F82831B2
:10BAD00000F08F812B780122D7E7FF297EF4AEAEEC
:10BAE00000252046D4E9423284F8FF509847D4F824
:10BAF0002831012229461344C4F82831FEF79FBE9D
:10BB00002A461121204600F085FF019BFEF7BBB8B5
:10BB1000D4F820213D46FB6893460022C4F820213A
:10BB20000592D4F81021049204AAC4F810211BB184
:10BB30001A78592A00F0F084012206AFFF29C4F8D0
:10BB4000202100F06A834A1CC4F800211A462823E9
:10BB50002046784EA8466354112184F8043100F041
:10BB600025FF049BD4F80011C4F81031C4F820B1AB
:10BB700009E02E46511CC4F80011A35484F8043186
:10BB80006D4BB34223D03546FF290A4615F8013BD9
:10BB9000EFD101934FF00003D4F80C21204684F834
:10BBA000FF300236D4F808319847019B237084F89F
:10BBB00004310123C4F80031D4F828310133C4F82A
:10BBC00028315D4BAB4202D02B780122D2E7D8F866
:10BBD0001020384656490132F8F770FB384603F01A
:10BBE000EBFFD4F8001100283FF477AF3E4607443E
:10BBF00009E02E46511CB742C4F80011A35484F842
:10BC000004313FF46AAF3546FF290A4615F8013B77
:10BC1000EFD101934FF00003D4F80C21204684F8B3
:10BC2000FF300236D4F808319847019BAF422370A9
:10BC3000D4F8283103F10103C4F8283100F0D98089
:10BC40002B780122D6E7D0F80011FF2901F101037A
:10BC500000F05084C0F800314FF0200355F80C2C50
:10BC60004354112180F80431019000F0D3FE019873
:10BC7000FEF7BABF1121EA68204602F003F82F4907
:10BC8000FFF7DEB8C268099106A9CDF818C0C4F85C
:10BC90001411002107950891002A7DF4EAAFFDF701
:10BCA000E7BF2749FBF7D8FB21492A4606A8F8F742
:10BCB00005FB06A803F080FFD4F80011002800F06F
:10BCC0008C8006AB1F181E4608E02E46511CB7425A
:10BCD000C4F80011A35484F804317ED03546FF29FE
:10BCE0000A4615F8013BF0D101934FF00003D4F858
:10BCF0000C21204684F8FF300236D4F808319847EA
:10BD0000019BAF422370D4F8283103F10103C4F83A
:10BD1000283100F0DC842B780122D7E7002B00F0DB
:10BD20000D81084E2F46D0F8001118E0F10C0110DB
:10BD3000280B0110040E0110060E0110A80D0110B1
:10BD4000B40D0110B40B01102E46511CC4F80011A3
:10BD5000A35484F80431BA4BB34200F0A8813546AD
:10BD6000FF290A4615F8013BEED101934FF000037D
:10BD7000D4F80C21204684F8FF300236D4F808317C
:10BD80009847019B237084F804310123C4F80031E3
:10BD9000D4F828310133C4F82831A94BAB4200F064
:10BDA00086812B780122D0E70026FDF7B5BFBCF1D4
:10BDB000560F7DF4D5AF3A23FDF7E3BF00252046AB
:10BDC000D4E9423284F8FF509847D4F82831012250
:10BDD00029461344C4F82831E5E4FF2900F0AA8479
:10BDE0007D234A1CC4F80021635484F80431FDF714
:10BDF00027BF0121FEF722BDDA68106802780646E7
:10BE0000B2F1610103D14178643908BF81782878A3
:10BE100011B9032800F004853A2800F06B85732AD5
:10BE200014D171785A2940F05584B178002940F036
:10BE3000518429462046FBF74BFBFBF74BFA0146A2
:10BE4000204617B0BDE8F04FFBF7DCBB1A461121C6
:10BE5000204601F023FD3278672A06D17378732BD0
:10BE600003D1B378002B3DF4C8AF732A2FD1737878
:10BE7000742B2CD1B37853BB28212046FBF7AAFAA8
:10BE800011212A46204600F091FD2921FFF711BA21
:10BE9000D4F8102105460790099200220892D4F8A0
:10BEA0001421069206AAC4F81421FDF7E1BE202150
:10BEB0002046CDF80480FBF78DFA019A556883E49B
:10BEC0002A461121204600F0A5FDFDF710BF6E2A7D
:10BED0007FF48AA97378782B7FF486A9B378002B36
:10BEE000CAD0FFF781B928210193FBF773FA019BB0
:10BEF00020461121DA6800F059FD29212046FBF780
:10BF000069FAFFF771B9072B7DF406AF2A6911783A
:10BF100000297DF401AF116901297DF4FDAEBCF16A
:10BF20003E0F7DF4F9AED3681B78302B00F03185DD
:10BF3000312B7DF4F1AE4349FEF782BF2946FBF772
:10BF400071FA024600283DF478AE0378302B09D10F
:10BF5000D4F82411002905DBFBF7CCF902460028B0
:10BF60003DF46BAED4F81051112120462B68C4F873
:10BF7000103100F01BFDC4F81051FDF761BE002B1D
:10BF80003DF45BAE19785D2904D1DB68002B3DF4EC
:10BF900054AE19785A39022942D90123C4F818310C
:10BFA000294906A8F8F78AF906A803F005FE002833
:10BFB0003DF446AE06ABD4F800111E461F1809E04A
:10BFC0002E46511CB742C4F80011A35484F8043122
:10BFD0003DF436AE3546FF290A4615F8013BEFD150
:10BFE00001934FF00003D4F80C21204684F8FF3071
:10BFF0000236D4F808319847019BAF42237084F889
:10C0000004314FF00103C4F80031D4F8283103F1B2
:10C010000103C4F828313DF413AE2B780122D0E798
:10C020000A4B019253F82150284603F0C5FD019AAE
:10C030000028B5D0013DD4F800119046461910E013
:10C04000B90B0110840D0110280B0110FC17011011
:10C050000135511CAE42C4F80011A35484F80431D8
:10C0600023D0FF296B7805F101070A46F0D101932F
:10C070004FF00003D4F80C21204684F8FF30D4F8A8
:10C08000083198470123BE42C4F80031019B237058
:10C0900084F80431D4F8283103F10103C4F82831BD
:10C0A00003D015F8023F0122D3E7424678E7FA6849
:10C0B00006A8DA490132F8F701F906A803F07CFD79
:10C0C00000283DF4BDAD06ABD4F800111E461F1884
:10C0D00009E02E46511CB742C4F80011A35484F85D
:10C0E00004313DF4ADAD3546FF290A4615F8013B54
:10C0F000EFD101934FF00003D4F80C21204684F8CF
:10C10000FF300236D4F808319847019BAF422370C4
:10C1100084F804314FF00103C4F80031D4F8283119
:10C1200003F10103C4F828313DF48AAD2B780122D4
:10C13000D0E7BCF1000F7FF495A9FDF781BD002386
:10C1400020466354D4F80C21D4F808319847D4F829
:10C1500028210023C4F80031531CC4F82831FDF70E
:10C160005CBE2B78302B1346D4E9441C7DF42EAEF4
:10C1700000220546CDF818C0089206AA099107903A
:10C18000C4F81421FDF774BD4546A5492046FBF7C8
:10C1900063F9ED682A46FDF758BD00252046D4E92D
:10C1A000423284F8FF509847D4F8283129460133A9
:10C1B000C4F828310123FEF7C3BC20212046FBF739
:10C1C00009F9FEF7B7BC0023D4F80C21204684F807
:10C1D000FF30D4F808319847D4F8283100210133D2
:10C1E000C4F828310123FEF795BC20212046FBF737
:10C1F000F1F8FEF789BC0023D4F80C21204684F81E
:10C20000FF30D4F808319847D4F8280101220021E2
:10C210008318C4F82831FEF79FBB01934FF0000349
:10C22000D4F80C21204684F8FF30D4F80831984720
:10C23000D4F828210021019B0132C4F828210122D1
:10C2400082E40023D4F80C21204684F8FF30D4F88F
:10C2500008319847D4F82801012200218318C4F836
:10C260002831FEF7DBBA0023D0F80C2180F8FF302C
:10C27000D0F808319847D4F828010122002183180A
:10C28000C4F82831FFF76EB94FF00002D0F808313A
:10C2900080F8FF20D0F80C219847D4F828210123FA
:10C2A00000211A44C4F82821FEF7FBBDD4F8102160
:10C2B0000021FB683D46049204AA0591C4F81021B0
:10C2C000D4F82021C4F8201193461BB11A78592ABA
:10C2D00000F02281012206AF1146C4F8202132E489
:10C2E0000023D0F80C2180F8FF30D0F808319847AF
:10C2F000D4F82801012200218318C4F82831FEF760
:10C30000D3B90023D4F80C21204684F8FF30D4F8A8
:10C3100008319847D4F82801012200218318C4F875
:10C320002831FEF7B0B90023D0F80C2180F8FF3097
:10C33000D0F808319847D4F8280101220021831849
:10C34000C4F82831FEF7A3BD00252046D4E94232C7
:10C3500084F8FF509847D4F8283101222946134425
:10C36000C4F82831FFF71AB95B212046FBF732F8F1
:10C3700011212A69204600F019FB5D21FEF799BFC3
:10C380002D212046FBF726F8FDF7E7BC0023D4F863
:10C390000C21204684F8FF30D4F808319847D4F8AF
:10C3A00028210021531CC4F828310123FDF7CBBC00
:10C3B0000023D4F80C21204684F8FF30D4F808314B
:10C3C0009847D4F828210021531CC4F828310123B0
:10C3D000FDF7A8BC33691E461B78492B00F0198273
:10C3E0000DF1080CA6468946AA460CEB071C3446FC
:10C3F00020784F28A0F11C02A0F152034AD047D860
:10C40000052A47D92646494655467446FEF7D5BB08
:10C410000123C8F81831FDF713BC00BF280B011029
:10C42000B00B011004ABC4F810313369CDE9041628
:10C430001A785E2A7EF4C4ABDA6832612A69DA605F
:10C440001A462B61FEF7BDBB1B78A3F172010129CF
:10C4500003D9633B012B3EF6DBAE1121204601F0F0
:10C460001DFA3C212046FAF7B5FF2B691121204621
:10C47000DA6800F09BFAB7492046FAF7EDFF2B691E
:10C48000112120461A6900F091FA2921FEF711BF07
:10C49000012BB7D8042F654607F1010712D00CF124
:10C4A00010069CE80F0086E80F000023CCF810C0AF
:10C4B0006C60B446AB60E468C5F80C90CEF81461CB
:10C4C000002C95D17446FDF7B8BB01934FF00003E3
:10C4D000D4F80C21204684F8FF30D4F8083198476E
:10C4E000D4F828210021019B0132C4F8282101221F
:10C4F000FDF74DBCD0F80831D0F80C2180F8FF4092
:10C500000190984701982146D0F828310133C0F8AE
:10C5100028310123FFF79EBB3C212046059306AF3F
:10C520000193FAF757FF019BDA68002A71D0914610
:10C5300002930395D4F820315A1CC4F82021002B13
:10C5400040F0AF804A461121204600F02FFAD4F87F
:10C550000031FF2B00F0AA80591C2022C4F80011E2
:10C56000E25484F8042199F800305D2B03D1D9F806
:10C570000C3099461B785A3BD4F82021022B02F14B
:10C58000FF3A54D90123C4F818315246724938464B
:10C59000F7F794FE384603F00FFB98B307EB00085B
:10C5A000D4F800113E4608E02E46511CB045C4F8B0
:10C5B0000011A35484F8043124D03546FF290A46DB
:10C5C00015F8013BF0D101934FF00003D4F80C2192
:10C5D000204684F8FF300236D4F808319847019B92
:10C5E000A845237084F804314FF00103C4F80031EA
:10C5F000D4F8283103F10103C4F8283102D02B7894
:10C600000122D2E7D9F810309946002B92D1DDE90A
:10C6100002353E2120460193FAF7DCFE019BD4F857
:10C6200020211B690132D4F80011FFF787BA4B4A69
:10C63000019152F82350284603F0BEFA01990028D0
:10C64000A3D0013D2E1808E00135511CAE42C4F8BC
:10C650000011A35484F8043197D0FF296B780A465F
:10C66000F2D101934FF00003D4F80C21204684F856
:10C67000FF30D4F80831984701236A1CC4F8003110
:10C68000019B9642237084F80431D4F8283103F1D9
:10C690000103C4F828313FF478AF15F8023F0122B6
:10C6A000D3E72F492046FAF7D7FE4BE719464FF05C
:10C6B0000003204684F8FF30D4E942329847D4F88A
:10C6C000283101210133C4F82831002345E7012135
:10C6D000FFF786BB732A7FF4B9AB7278502A7FF4D8
:10C6E000B5ABB278002A7FF4B1AB2646144604E01D
:10C6F00001342D69002D00F0F8802B78302B40F0AC
:10C70000F480EB68002B00F0F0801A784D2AEFD10E
:10C71000D9683046FAF7DCFE024648B1002204E050
:10C72000C16829B10069013210B101783029F7D010
:10C730001444DEE700252046D4E9423284F8FF5055
:10C740009847D4F8283129460133C4F82831FFF737
:10C7500047BB00BF540D0110280B0110FC1701103E
:10C76000980B011022463446D4F838319C45BDF66A
:10C7700064AAD4F830310CF10101C4F8341143F843
:10C780003C0003EBCC03D4F810C10433BCF1000F20
:10C7900000F0EE80D4F844118846D4F8401113E03C
:10C7A000D4F83C6106EBC10EDCF804600131C4F83A
:10C7B0004011CEF80460C3F800E07346DCF800C016
:10C7C000BCF1000F00F0D4808845E9DCFDF735BAF4
:10C7D0000023D4F80C21204684F8FF30D4F8083127
:10C7E0009847D4F828210021531CC4F82831FFF7BA
:10C7F00071B84B680146D4F810212046C4F81031B6
:10C800001746FAF70FFE002800F0AE800122FEF76F
:10C8100070BFF3681E46002B7FF4E2ADFDF70DBA42
:10C82000E968087801287FF4FAAA286900782A289C
:10C8300008BF0D46FFF7F3BABCF13F0F00F0A5802B
:10C840002A691121204600F0B1F8B31E042B3DF6F1
:10C85000F7A9DFE803F00F0C090603004E49FEF7C5
:10C86000EFBA4E49FEF7ECBA4D49FEF7E9BA6C2132
:10C87000FEF71FBD7521FEF71CBDDA68916801291E
:10C880007EF4DBAC526812783E2A7EF4D6AC2821C6
:10C890002046FAF79FFDEB68FEF7CFBC20465B21F0
:10C8A000FAF798FD2B69204611211A6900F07EF8ED
:10C8B0005D212046FAF78EFDFEF7EBBC06AAD4F800
:10C8C00010110890C4F814210991CDE90605FDF76F
:10C8D000CFB92A69112100F069F8089BC4F81491B6
:10C8E000002B3EF426A8FDF7ABB923463446194683
:10C8F000FFF7A6BAEA6811212046019301F0C2F9B8
:10C90000019AFEF7AEB913691B782A2B02D00123D6
:10C91000C4F81831D2681121204601F0B3F9FEF7AE
:10C920009CBC1121204600F0B9FFFEF7ACBC1D49AC
:10C9300020460192FAF790FD019AD3683BB111218C
:10C94000204601F09FF920212046FAF743FD3A46A0
:10C950001121204600F02AF8002D7EF445ACFDF7A9
:10C960006FB9002A3DF469A9C4F81071FDF765B9E3
:10C970000146C3F800C020460192FAF753FD019A20
:10C9800000287EF4B6AEFDF758B92D21FAF722FD46
:10C9900056E70549FEF754BA780D0110740D0110E1
:10C9A000700D0110680D01107C0D011010B50446CA
:10C9B00084B052B3D2F804C0BCF1010F25DCD0F82A
:10C9C0001C11B1F5806F20DC0CF101010292019283
:10C9D0005160D0F81C110131C0F81C11D0F82C1195
:10C9E000039102A9C0F82C111121FDF7A9F8019BB0
:10C9F00003995A68C4F82C11013A5A60D4F81C31D2
:10CA0000013BC4F81C3104B010BD0123C4F8183137
:10CA100004B010BD70B5137882B01446033B502BA0
:10CA200066D8DFE813F06A016500650065006500FF
:10CA300065006500650065006500650065006500CE
:10CA400065006500650065006500650065006500BE
:10CA500065006C009D00CE006C009D00CE00F502CC
:10CA6000410163004E015D0100016C019F01D20193
:10CA70006500650065006500200265005E026500D6
:10CA8000650065006500650065006500650065007E
:10CA9000650065006500650065006500650065006E
:10CAA000650065006500650065006500650065005E
:10CAB0006500650065006500650065006500910220
:10CAC00065006500C4020E01E26811210090FFF7C5
:10CAD0006DFF0098D0F80011FF2900F009834A1C6F
:10CAE0002923C0F80021435480F8043102B070BDFE
:10CAF0002246112102B0BDE87040FFF757BFB54C88
:10CB0000D0F8001109E01C46B34B511CA342C0F8F9
:10CB10000011855480F80451E8D0FF29657804F1AC
:10CB200001030A46EFD101934FF00003009080F813
:10CB3000FF30D0E94232984700980123D0F82821ED
:10CB4000C0F800311A44019B0570C0F82821A24AA0
:10CB500080F804519A42C9D014F8025F0122D3E749
:10CB60009E4CD0F8001109E01C469D4B511CA3427D
:10CB7000C0F80011855480F80451B7D0FF296578BA
:10CB800004F101030A46EFD101934FF00003009036
:10CB900080F8FF30D0E94232984700980123D0F85E
:10CBA0002821C0F800311A44019B0570C0F82821E3
:10CBB0008B4A80F804519A4298D014F8025F0122FF
:10CBC000D3E7884BD0F8001109E02346511CC0F888
:10CBD00000118554844A80F804519A4286D01C463C
:10CBE000FF290A4614F8015BEFD101934FF00003CF
:10CBF000009080F8FF30D0E9423298470098012336
:10CC0000D0F82821C0F800310132019B0570C0F82E
:10CC100028210233744A80F80451A2423FF466AFDF
:10CC200025780122D2E7D0F80011FF2900F0828296
:10CC30004A1C2623C0F80021435480F8043102B076
:10CC400070BD6A4ED0F800110AE02E46511CC0F8A3
:10CC50000011835480F80431654BB34200F0E48145
:10CC60003546FF290A4615F8013BEED101934FF0F6
:10CC700000030090023680F8FF30D0E94232984736
:10CC8000DDE90003037080F804310123C0F80031AE
:10CC9000D0F828310133C0F82831554B9D4200F0BF
:10CCA00059822B780122D1E7D0F80031FF2B00F018
:10CCB000EC81591C2022C0F80011C25480F80421D4
:10CCC0001FE0D0F80011FF2900F0CD814A1C20237D
:10CCD000C0F800214354112180F80431226909E78A
:10CCE000D0F80011FF2900F0F3814A1C2A23C0F874
:10CCF0000021435480F80431F8E6E268F9E6D0F800
:10CD000000113C4D0AE01D463B4B511CAB42C0F8A4
:10CD10000011845480F804413FF4E8AE2B46FF290B
:10CD20000A4613F8014BEED101934FF00003009037
:10CD3000023580F8FF30D0E942329847009801234D
:10CD4000D0F82821C0F800311A44019B0470C0F8C3
:10CD50002821294A80F8044193423FF4C7AE1C7849
:10CD60000122D1E7254CD0F800110AE01C46244BE3
:10CD7000511CA342C0F80011855480F804513FF4BF
:10CD8000B5AEFF29657804F101030A46EED101939F
:10CD90004FF00003009080F8FF30D0E9423298470E
:10CDA00000980123D0F82821C0F800311A44019BD3
:10CDB0000570C0F82821124A80F8045193423FF4CC
:10CDC00095AE14F8025F0122D1E70E4BD0F80011A6
:10CDD00025E000BF5B0E0110640E0110670E01100C
:10CDE000700E0110740E01107A0E01109C0E0110CD
:10CDF000A20E0110A40E0110A60E0110A70E011024
:10CE0000B00E0110B40E01102346511CC0F80011E1
:10CE10008554BF4A80F804519A423FF467AE1C46DD
:10CE2000FF290A4614F8015BEED101934FF000038D
:10CE3000009080F8FF30D0E94232984700980123F3
:10CE4000D0F82821C0F800310132019B0570C0F8EC
:10CE500028210233AE4A80F80451A2423FF446AE84
:10CE600025780122D1E790F80431282B40F0EE809C
:10CE70001121E2680090FFF799FD0098A54BD0F8CA
:10CE800000110AE02346511CC0F800118554A24A43
:10CE900080F804519A423FF429AE1C46FF290A4605
:10CEA00014F8015BEED101934FF00003009080F87D
:10CEB000FF30D0E94232984700980123D0F828216A
:10CEC000C0F800310132019B0570C0F828210233FF
:10CED000914A80F80451A2423FF408AE257801221D
:10CEE000D1E78E4ED0F800110AE02E46511CC0F852
:10CEF0000011835480F80431894BB3423FF4E4AD10
:10CF00003546FF290A4615F8013BEED101934FF053
:10CF100000030090023680F8FF30D0E94232984793
:10CF2000DDE90003037080F804310123C0F800310B
:10CF3000D0F828310133C0F82831794BAB423FF4A7
:10CF4000C3AD2B780122D1E7764CD0F800110AE06E
:10CF50001C46754B511CA342C0F80011855480F843
:10CF600004513FF4C3ADFF29657804F101030A467B
:10CF7000EED101934FF00003009080F8FF30D0E92C
:10CF80004232984700980123D0F82821C0F8003198
:10CF90001A44019B0570C0F82821634A80F80451A7
:10CFA0009A423FF4A3AD14F8025F0122D1E75F4D2E
:10CFB000D0F8001109E00135511CC0F8001183546C
:10CFC00080F804315A4BAB422ED0FF296B780A46C9
:10CFD000F1D101934FF00003009080F8FF30D0E9C9
:10CFE000423298476A1CDDE90003037080F804317F
:10CFF0000123C0F80031D0F828310133C0F82831BE
:10D000004B4B934200F0A68015F8023F0122D3E774
:10D01000D0F80031FF2B49D02022591CC0F8001154
:10D02000C25480F8042100E62369002B3FF45EAD72
:10D03000FF2900F0968002322823C0F800214354D3
:10D04000112180F804310090226940E5D0F80011E8
:10D05000FF2900F098804A1C2023C0F80021435487
:10D0600080F8043104E70025D0F80831D0F80C210D
:10D0700080F8FF5000909847009801222946D0F888
:10D0800028311344C0F8283121E6002419460090C5
:10D0900080F8FF40D0E94252A8470098012123467A
:10D0A000D0F828210A44C0F8282103E600251946B3
:10D0B000009080F8FF50D0E94242A047009801213B
:10D0C0002022D0F8283102700B44C0F82831AFE597
:10D0D00000240090D0E9423280F8FF409847009841
:10D0E00001222146D0F828311344C0F82831FDE54B
:10D0F00000240090D0E9423280F8FF409847009821
:10D1000001222146D0F828311344C0F82831E7E441
:10D11000BF0E0110C00E0110C30E0110C40E01108D
:10D12000CE0E01107B0E01108C0E01108F0E01101F
:10D13000980E011000240090D0E9423280F8FF40A0
:10D140009847009801222146D0F828311344C0F8AE
:10D1500028316EE52369002B3FF4C8AC0022012181
:10D1600069E70025D0F80831D0F80C2180F8FF508D
:10D1700000909847009801222946D0F8283113449E
:10D18000C0F8283158E70025D0F80831D0F80C2134
:10D1900080F8FF5000909847009801222946D0F867
:10D1A00028311344C0F8283156E700BF2DE9F84F65
:10D1B0001D4604469246002B00F01F811A460026A9
:10D1C00001208F4F9368A3B953681B78193BDBB2DA
:10D1D000132B00FA03F109D839423ED111F4E05F74
:10D1E00040F0B180082B08BF46F001061268002A03
:10D1F000E8D10023D4F814712A461121C4F814315F
:10D20000204600F003F9D4F80031FF2B4FD028223C
:10D21000591CC4F80011E25484F80421002E60D196
:10D22000DAF810201AB111212046FFF7BFFBD4F81D
:10D230000011FF2900F0A0804B1C2920C4F8003108
:10D240002A4601236054112184F80401204600F08D
:10D25000DDF8C4F81471BDE8F88F94F80431202B80
:10D26000D4F8001140F09780FF2976D04B1CC4F809
:10D2700000314FF0000828232A462046635411212C
:10D28000D4F8147184F804314346C4F8148100F0D2
:10D29000BDF8D4F80011FF2900F088804B1C29222A
:10D2A000FF2BC4F80031625484F80421AFD14FF051
:10D2B00000081946D4F80C212046D4F8083184F827
:10D2C000FF809847D4F82821434601210132C4F851
:10D2D0000011C4F828212822E25484F80421002EE9
:10D2E0009ED0DFF82081AB46DFF81C9108E0B14604
:10D2F000591CC845C4F80011E55484F8045120D0E5
:10D300004E46FF290B4616F8015BF0D14FF00003A3
:10D31000204609F1020984F8FF30D4E942329847E7
:10D320000123B0452570C4F80031D4F8283184F8C1
:10D33000045103F10103C4F8283146D035780123A4
:10D34000D6E75D466CE794F8043103F0FD02282A25
:10D3500085D1D4F80011FF2988D100272046D4E9CF
:10D36000423284F8FF709847D4F8283139460133A7
:10D37000C4F8283101237AE700262046D4E9423256
:10D3800084F8FF609847D4F8283131460133C4F857
:10D390002831012351E7FF291FD04B1C2022C4F85C
:10D3A00000316254194684F804215DE7D4E9423221
:10D3B000204684F8FF809847D4F828310133C4F818
:10D3C000283129232370012321E7DAF810205D4654
:10D3D000002A7FF428AF01212EE70023204684F89D
:10D3E000FF30D4E942329847D4F828310121013383
:10D3F000C4F828312023237038E71E46F9E600BF21
:10D4000007620800D50E0110D00E0110002A00F0AE
:10D41000AA802DE9F047144688B01F4605464FF014
:10D420000108D5F818310BBBA3682BBB626837B96C
:10D4300013784F2B20D01CD81C3B052B1CD9E3683C
:10D44000C4F80880D5F81061C5F8103113782A2B7C
:10D4500016D02B2B1ED0022B26D011212846FFF7E9
:10D46000D9FA2468C5F81061002CDAD108B0BDE8FB
:10D47000F087523B012BE2D82468002CD1D1F5E78C
:10D48000236811212846FFF791FEC5F8106108B006
:10D49000BDE8F08723681121284600F017F9C5F888
:10D4A000106108B0BDE8F0870023D5F81471D26888
:10D4B00011212846C5F81431FFF778FAC5F8147120
:10D4C0007C4FA246D5F8001107F10208B94608E0E2
:10D4D000B946591CC845C5F80011EC5485F80441FB
:10D4E00020D04F46FF290B4617F8014BF0D14FF0E3
:10D4F0000003284609F1020985F8FF30D5E94232D8
:10D500009847012347452C70C5F80031D5F82831DC
:10D5100085F8044103F10103C5F8283120D03C7897
:10D520000123D6E7544663681C692378492B1BD036
:10D530004F2BA3F15202A3F11C010ED00BD80529E9
:10D540000BD9224611212846FFF730FAC5F81061A1
:10D5500008B0BDE8F087012AF3D8E4682378E7E74C
:10D5600054460121DFE77047DFF85881A14609E002
:10D57000B846591CC5F80011EC544F4B85F80441CE
:10D58000434520D04746FF290B4617F8014BEFD102
:10D590004FF00003284608F1020885F8FF30D5E96E
:10D5A0004232984701232C70C5F80031D5F8283154
:10D5B00085F804410133C5F828313F4B9F4202D022
:10D5C0003C780123D5E7D9F8102001A83B494C4607
:10D5D0000132F6F773FE01A802F0EEFAD5F8001159
:10D5E00090B30DF10408B146A24608EB000608E02E
:10D5F000B846591C4645C5F80011EC5485F804415D
:10D6000020D04746FF290B4617F8014BF0D14FF0C9
:10D610000003284608F1020885F8FF30D5E94232B8
:10D6200098470123B7422C70C5F80031D5F828314E
:10D6300085F8044103F10103C5F8283135D03C7861
:10D640000123D6E74E465446DFF87C80A14609E028
:10D65000B846591CC5F80011EC54194B85F8044123
:10D66000434520D04746FF290B4617F8014BEFD121
:10D670004FF00003284608F1020885F8FF30D5E98D
:10D680004232984701232C70C5F80031D5F8283173
:10D6900085F804410133C5F82831094BBB4202D05B
:10D6A0003C780123D5E74C4657E74E4654460121C6
:10D6B000CAE700BF9C0B0110AD0B0110280B011035
:10D6C000B30B0110A00B0110B00B01102DE9F043BA
:10D6D000044683B0174653B11D46986878B31B685B
:10D6E000002BFAD12A4611212046FFF78FFED4F8ED
:10D6F0000031FF2B5AD0591C2022FF29C4F80011F9
:10D70000E25484F8042128D05B224B1CC4F8003179
:10D71000625484F80421FA682AB111212046FFF7E7
:10D7200045F9D4F80031FF2B30D0591C5D22C4F8E4
:10D730000011E25484F8042103B0BDE8F0835B6873
:10D740001B782B2B4ED1034611212A462046FFF78A
:10D750005DFED4F80011FF29D6D10022D4F808319B
:10D76000204684F8FF20D4F80C219847D4F82821CB
:10D7700001235B211A44C4F800312170C4F8282128
:10D7800084F80411FA68002AC7D1CEE700251946AB
:10D79000204684F8FF50D4E94262B047D4F82821EB
:10D7A00001212B460A44C4F82821BFE7002219466C
:10D7B000D4F80851204684F8FF20D4F80C21A8475B
:10D7C000D4F8282145F620310223013221805B2143
:10D7D000C4F80031C4F8282184F80411FA68002A3A
:10D7E0009BD1A2E7D4F8001180462A4BA94609E054
:10D7F0003346511CC4F80011A554274A84F804513B
:10D800009A4222D01E46FF290A4616F8015BEFD144
:10D81000D4F80C212046019384F8FF80D4F8083115
:10D820009847D4F8282101232570013284F8045147
:10D83000C4F80031C4F82821174A019B964203F12D
:10D84000020302D035780122D3E7112100234A4692
:10D850002046FFF7DBFDD4F80011FF2907D029226D
:10D860004B1CC4F80031625484F8042141E70022C3
:10D87000D4F80831204684F8FF20D4F80C219847CA
:10D88000D4F8283142F22902022101332280C4F85F
:10D89000283139E7A40D0110A60D01101378332BA0
:10D8A00002D01121FFF782B8D36870B59D6882B0AD
:10D8B0008DB35B68D0F800111D44013B013D08E0C9
:10D8C0003346511C9D42C0F80011845480F8044135
:10D8D00021D0FF295C7803F101060A46F0D10193BB
:10D8E0004FF00003009080F8FF30D0E942329847B3
:10D8F00000980123AE42D0F82821C0F800311A4424
:10D90000047080F80441C0F8282104D0019B012252
:10D9100013F8024FD5E702B070BD00BF2DE9F04FFC
:10D92000E9B00446037800AF5F2BC7E9002100F09F
:10D93000348108229D49204601F0B0FF002800F004
:10D940008F8000239B46002B07F110054FF0010349
:10D95000ABF102094FF01108AB6314BF4623472314
:10D96000BB605FFA89F3FB60204602F025F90023D3
:10D97000410022182C60B1F5006F6A60AB62EB6366
:10D98000C7E90F33C5E90284C5E90531C5E90830A7
:10D990006B6300F2EA808300E94600EB8000BBF194
:10D9A000010F03F10703A9EBC00223F0070395461B
:10D9B000EA46ADEB030DC5F810A0C5F81CD071D038
:10D9C000FB68012B67D8E37A04F10B065F2BEE604E
:10D9D00002D1237B5A2B2ED0002900F0C380304681
:10D9E00002F0EAF800230121CAE901336961002845
:10D9F00000F0B8808AF80030CAE90360524600237C
:10DA0000B9682846F9F766FA8246304602F0D4F83B
:10DA10003318EB60335C33B9BAFA8AF35B09BAF1B5
:10DA2000000F40F0C580AB6B013340F0A4800023B1
:10DA3000AB63CD4698E704F10D032846EB60637BAA
:10DA4000472B00F0A080A3F15401B1FA81F14909FC
:10DA5000002940F09880FBF7DDFCEE688246CDE7B8
:10DA6000227A5F2A18BF2E2A0CBF01230023242A02
:10DA700008BF43F0010363B1627A492A18BF442A00
:10DA80000CBF0123002304D1A17A5F2900F0F080AC
:10DA900003469B4657E72846F9F76AFFEB6882463C
:10DAA0001B78B8E723785F2BBDD163785A2BBAD1A6
:10DAB000A31CEB60A378472B6AD0542B68D059463F
:10DAC0002846FBF7A7FC8246D5E90201C2070B787E
:10DAD000A1D52E2B9FD14B78A3F16102192A05D92C
:10DAE0005F2B03D0303B092B00F2BF808B788E1C5C
:10DAF000A3F13000A3F16102192A88BF092809D8CF
:10DB000016F8013FA3F16100A3F13002092A88BF92
:10DB10001928F5D95F2BF3D02E2B11D17378303B18
:10DB2000092B0DD8B3780236A3F13002092AF3D8B5
:10DB300016F8013FA3F13002092AF9D92E2BEDD0B6
:10DB4000721A2846EE60F9F757FA524603465021FA
:10DB50002846F9F7BFF9337882462E2B7FF45BAF66
:10DB60003146B8E74FF0000A48E7184607F5D27784
:10DB7000BD46BDE8F08F4E460020B54607F5D2778A
:10DB8000BD46BDE8F08FFBF7E1FCEE68824635E765
:10DB90002846FBF7DBFC824696E743785A2B7FF456
:10DBA000C8AE00234FF0010BCDE600BF2C0B0110D7
:10DBB0007A6800200021C7F85031C7F858214E4636
:10DBC0003A6887F85431C7F87031C7F88C31FB6078
:10DBD000C7F85C21C7E96401514607F15000C7E965
:10DBE0005F33C7E96133C7E95833C7E95D33C7E934
:10DBF0005A33F9F7DDFAD7F86C11FB68B1F5006F0D
:10DC000001DAC7F86C31D7F888116D46D7F894312E
:10DC100000240129524601FB03F307F15000B8BF6D
:10DC20000121012BA5EBC1018D464FF01101EC46FE
:10DC3000C7E96534B8BF0123ACEBC3039D46C7F801
:10DC400080C1C7F88CD1FEF7B1FE07F15000D7F8BC
:10DC50005011AD464454D7E956329847D7F8680179
:10DC6000B546B0FA80F0400988E7EB681B78D2E649
:10DC7000492A03D003464FF0030B64E64FF0020B32
:10DC800061E600BF70B51446127884B00346012ADD
:10DC900008D9A2F13201B1FA81F149090E4609B958
:10DCA000062A3BD16268012A33DCD3F81C11B1F596
:10DCB000806F2EDC0125D3F82C11013202A80193CC
:10DCC000626022460391D3F81C11C3F82C01184658
:10DCD00001310294C3F81C111121FBF731FF626876
:10DCE000019B013A0399C3F82C116260D3F81C21FF
:10DCF000013AC3F81C217DB9D3F80011FF2924D0C3
:10DD0000481C2922C3F800015A5483F8042104B0A6
:10DD100070BD0122C3F8182104B070BDD0F80021F5
:10DD2000FF2A25D0511CC0F800112820985483F8F0
:10DD300004016268012A04DCD3F81C01B0F5806F8D
:10DD400036DD0122C3F81821D8E70024D3F80C21CE
:10DD50001846D3F8085183F8FF400193A847019B68
:10DD600001202146D3F828210244C3F82821C8E71E
:10DD7000114680F8FF600190D0E94252A847019B0C
:10DD80002821D3F828211970013283F804110121C8
:10DD9000C3F82821C3F8001162688A4204DCD3F872
:10DDA0001C01B0F5806F03DDC3F818110121A7E74E
:10DDB000354680E72DE9F84FD368DB681B68197892
:10DDC000662963D112690746D0F82411D2E90324E9
:10DDD0008A46914622783D2A4FF0FF3208BFD4E9A7
:10DDE0000345C0F8242118BF00255B786C2B00F098
:10DDF00097804ED84C2B02D0522B40F0D780D7F8CA
:10DE00000011FF2900F0FD804B1CC7F800312823CA
:10DE1000224638467B54112187F80431A846FFF783
:10DE200031FF11214A463846FFF738FD7C4DD7F8BF
:10DE300000110AE02546591CC7F80011FE54794B21
:10DE400087F80461AB4200F0B6802C46FF290B46F0
:10DE500014F8016BEED14FF000033846023587F815
:10DE6000FF30D7E94232984701233E70C7F80031AE
:10DE7000D7F8283187F804610133C7F82831694B96
:10DE8000A34200F0988026780123D4E70020BDE863
:10DE9000F88F722B40F08A80D0F80011FF2900F033
:10DEA000A2804B1CC7F800312823224638467B54F9
:10DEB000112187F80431FFF7E5FE11214A46384663
:10DEC000FFF7ECFC584ED7F8001109E02646591C24
:10DED000C7F80011FD54554B87F80451B34265D083
:10DEE0003446FF290B4614F8015BEFD14FF00003D5
:10DEF0003846023687F8FF30D7E942329847012387
:10DF00003D70C7F80031D7F8283187F80451013344
:10DF1000C7F82831454BA34248D025780123D6E7DE
:10DF2000D0F80011A346424EDFF8088108E0A84669
:10DF3000591C4645C7F80011FC5487F8044120D00D
:10DF40004546FF290B4615F8014BF0D14FF0000371
:10DF5000384608F1020887F8FF30D7E9423298477F
:10DF60000123B5423C70C7F80031D7F8283187F853
:10DF7000044103F10103C7F8283102D02C780123B2
:10DF8000D6E74A4611213846FFF788FC5A46112148
:10DF90003846FFF777FED7F80011FF2912D04A1C48
:10DFA0002923C7F800217B5487F804310120C7F8E2
:10DFB00024A1BDE8F88F4A4611213846FFF76EFCD0
:10DFC0004246E4E70024D7F80831D7F80C21384658
:10DFD00087F8FF409847D7F828310122214613449B
:10DFE000C7F82831DCE70025D0E9423280F8FF503D
:10DFF0009847D7F8283129460133C7F8283101233B
:10E0000050E700263846D7E9423287F8FF60984744
:10E01000D7F8283131460133C7F828310123F4E617
:10E02000A80D0110AB0D0110E00E0110E40E01105F
:10E03000DC0E0110D80E01102DE9F843137803F01F
:10E04000FD03392B07D1D368DB68D3F8008098F83B
:10E050000030642B02D00020BDE8F88398F801C09E
:10E060000CF0DF03582B07D0ACF16903B3FA83F34C
:10E070005B090BB91846EFE71369BCF1690F074656
:10E08000D0F80011D3E903543ED0FF2900F08B8073
:10E090004B1CC7F800315B237B5487F804312A46B8
:10E0A00011213846FEF782FC98F80130582B40D0F9
:10E0B000692B0BD0D7F80011FF2900F093804A1C80
:10E0C0005D23C7F800217B5487F80431237803F0DF
:10E0D000FD03392B05D1E368DB681B681A78642AD5
:10E0E0001AD0D7F80011FF296BD04A1C3D23C7F87E
:10E0F0000021384622467B54112187F80431FFF76E
:10E10000C1FD0120BDE8F883FF297CD04B1CC7F876
:10E1100000312E237B54C0E75B7803F0DF02582ADE
:10E1200001D0692BDDD1224611213846FEF73EFC95
:10E13000E7E7A146D7F800113A4C09E03446591CEC
:10E14000C7F80011FD54384B87F804519C421FD08A
:10E150002646FF290B4616F8015BEFD14FF000036E
:10E160003846023487F8FF30D7E942329847012316
:10E170003D70C7F80031D7F8283187F804510133D2
:10E18000C7F82831284BB34202D035780123D6E7AF
:10E19000D9F80C2011213846FEF708FCD9F81040B8
:10E1A00098F8013084E70023D0E9426280F8FF301C
:10E1B000B047D7F8283100210133C7F828310123AF
:10E1C00067E70025D7F80831D7F80C21384687F8DB
:10E1D000FF509847D7F82831012229461344C7F841
:10E1E000283183E70025D7F80831D7F80C213846C5
:10E1F00087F8FF509847D7F8283101222946134461
:10E20000C7F828315CE70023D0E9426280F8FF308C
:10E21000B047D7F8283100210133C7F8283101234E
:10E2200075E700BFE80E0110ED0E011000283DD08B
:10E2300009B1002A3AD0F0B50D4687B00021144646
:10E2400002AA1E46CDE90211CDE904112649FFF7C5
:10E2500065FB029900283BD0059BD3B1002940D033
:10E260000127002D30D00846019101F0A5FC23685C
:10E270000199984221D2421C284602F0DDF901980A
:10E28000F4F7CEFC29460EB100233360084607B0F0
:10E29000F0BD049F0029E4D126B1012F1DD14FF01C
:10E2A000FF3333600021084607B0F0BD13B16FF0B3
:10E2B00002021A6000210846704728460191F4F7CF
:10E2C000AFFC01992760DEE7002CDCD02760DAE79D
:10E2D0000846F4F7A5FC002EE4D06FF0010333608C
:10E2E000E0E7002EDBD1DDE7117300100378472B48
:10E2F00017D143784E2B14D18378552B11D1C37885
:10E30000432B0ED10379432B0BD143792B2B08D10F
:10E3100083792B2B05D1C07901288CBF00200120E7
:10E3200070470020704708B550B1044600F076F8F9
:10E330002046FFF7DBFF18B154F8140CF8F752FA37
:10E34000F8F758FA2DE9F04F83B00246FFF7CEFFF9
:10E3500038B1D2F828A0002552E90674D2E90C6938
:10E3600005E00446012507468146064682461046DA
:10E3700000F054F80DB1F8F749FA3846F8F742FAC8
:10E3800000F04CF80DB1F8F735FAF7F717FFD0F8B1
:10E3900000804FEA960B002798F82730012B0CBF1E
:10E3A000D8F8003008F178030093BA451DDD07FB6B
:10E3B0000BF359F8236009EB830306B11E446B4647
:10E3C0000022314608F12000F7F722FE08B1F8F7E5
:10E3D00093FA336801AA019030460D491E69012362
:10E3E000B04728430137C5B2DFE745B10420F7F74E
:10E3F00069FD084B084A06490360F8F761FA2046B0
:10E40000F8F7F0F900F04EF800F04CF8F7F7FAFDE5
:10E4100050160110B81601109D61001010B5044689
:10E4200082B0F7F7CFFE0368224612F82019472979
:10E4300005D0002B34D10260184602B010BD6178BF
:10E440004E29F6D1A1785529F3D1E1784329F0D1AD
:10E4500021794329EDD161792B29EAD1A1792B29A1
:10E46000E7D1E1790129E4D854F80C1C002914DB28
:10E47000013144F80C1C9342416801F1FF314160C5
:10E4800002D044F8103C0260636A2046019302F017
:10E4900083F8019B184602B010BDC1F10101E8E705
:10E4A000F8F7A8F908B5F7F789FE0246006870B3D7
:10E4B00090F82030472B06D0002320301360BDE8B1
:10E4C000084002F0C9B890F821304E2BF4D190F8F2
:10E4D0002230552BF0D190F82330432BECD190F81B
:10E4E0002430432BE8D190F825302B2BE4D190F841
:10E4F00026302B2BE0D190F82730012BDCD8436954
:10E50000002B05DB013B08D05A1C0DD0436108BD30
:10E510000133FBD101691160F8E703692030136012
:10E52000BDE8084002F098B8F8F764F908B5F7F7C5
:10E5300049FE006830B190F82730012B01D1006806
:10E540007838006808BD00BF062008B501F0E0F982
:10E550000120F5F7E3FE00BF00B583B0034B014691
:10E5600001AA186800F004F803B000BD402C002098
:10E570002DE9F0431E4F83B080460E46914601F0D0
:10E5800049FB3D684DB1337834466BB13D2B0BD020
:10E5900014F8013F43B13D2BFAD1404601F040FB56
:10E5A000002003B0BDE8F0833D2BF6D0286800289A
:10E5B000F3D0A41B2246314601F070F920B92B6834
:10E5C0001A5D23443D2A04D055F8040F0028F1D1E8
:10E5D000E3E73A6840460193AD1AAD10C9F8005020
:10E5E00001F01EFB019B581C03B0BDE8F08300BF87
:10E5F000482E0020024B0146186800F00BB800BFFF
:10E60000402C0020024B0146186801F065BB00BF9A
:10E61000402C002001F10B03162B2DE9F04F804612
:10E6200085B02CD8102922D800F0C8FA18214FF054
:10E63000020E1022B64C21444D68A1F1080085421B
:10E6400000F05F816A68404622F00302D5E902418A
:10E650002A44E1608C6005F10804516841F0010131
:10E66000516000F0B1FA204605B0BDE8F08F0C23F0
:10E67000C8F800300024204605B0BDE8F08F002B1C
:10E6800023F00702F3DB9142F1D8009200F096FAF2
:10E69000009AB2F5FC7FC0F09F81530A73D0042B1F
:10E6A00000F26481930903F1390E03F138064FEA51
:10E6B000CE03974C2344A3F108055F68BD4207D100
:10E6C0000DE00028FB6880F20B819D421F4606D0BA
:10E6D000796821F00301881A0F28F2DDB646236914
:10E6E0008C498B4200F0E9805E6826F00306B11A7F
:10E6F0000F2900F3838187480029C4E9040080F2D0
:10E700007081B6F5007F676880F01081F108012004
:10E7100076090131B04054F83150074304EBC10091
:10E7200008386760C3E9025044F83130EB604FEAC3
:10E73000AE0301269E40BE422BD83E4206D12EF0AB
:10E74000030E76000EF1040E3E42FAD004EBCE0A20
:10E75000F14604EBCE07F9680CE048680B46C9683F
:10E7600020F0030CACEB02050F2D00F30C81002D03
:10E7700080F222818F42F0D109F101030837980716
:10E780009946E8D174E14FF400734FF0400E3F26F4
:10E790008FE7A768796821F003069642A6EB02008E
:10E7A00002D30F2800F38B805B49082009681031E1
:10E7B0001144CDE9001201F013F900990346824695
:10E7C000481E5D421844554B05401868B0F1FF3FA4
:10E7D00018BF29464046009101F0E2F8411C054669
:10E7E000DDE9001200F0278107EB060C844500F2FA
:10E7F0002081DFF834910AF1FF3ED9F80000084487
:10E80000C9F8000000F08381444B1B68013300F01D
:10E810008881A5EB0C0C6044C9F8000015F00703D3
:10E82000CDE901299B4600F03F81C3F10800054472
:10E830000AEB000C40466B1803EA0E019A46ACEB5B
:10E84000010101EA0E031946009301F0A9F8421CE8
:10E85000DDE9012900F08081411B009BD9F800000F
:10E86000A7421944A560184441F00101C9F800000D
:10E87000696016D00F2E40F25781A6F10C010526D3
:10E8800021F0070C796801F00101BCF10F0F41EA9A
:10E890000C01796007EB0C01C1E9016600F26381AC
:10E8A00069681F4B1E68864238BF18601D4B1E6882
:10E8B000864200D218602F46BFE0676837E7BD1870
:10E8C00042F0010240F0010140467A60A56007F184
:10E8D0000804696000F078F9204605B0BDE8F08FC3
:10E8E000BA68394407F108044046D3609A604A6820
:10E8F00042F001024A6000F067F9204605B0BDE829
:10E90000F08FCD68A9427FF49DAE0EF1020EE6E6CF
:10E910003828002040280020143100203028002012
:10E920000C31002010310020E4300020B6F5206FBB
:10E930004FEA562077D3142800F2CC8000F15C0116
:10E940005B30C90065186158083D8D4203D1A4E0D1
:10E9500089688D4204D0486820F00300B042F7D89F
:10E96000CD68C3E90215AB60CB60E0E6142B71D92A
:10E97000542B00F2B780130B03F16F0E03F16E06F8
:10E980004FEACE0395E69E1842F001029F6840468A
:10E990005A60874AF9608F600093C4E90466C6E94B
:10E9A000022245F00102726043F80C5000F00CF9AD
:10E9B000009B03F108045EE69C441C464046DCF8DC
:10E9C000043043F00103CCF8043054F8083FD96018
:10E9D0008B6000F0F9F84EE64FEAD20E02F1080122
:10E9E00028E61E4440460093726842F001027260BD
:10E9F00000F0EAF8009B03F108043CE69D1842F0A1
:10EA00000102404600935A60694AC4E90455C5E9C9
:10EA1000022241F001026A60995100F0D5F8009B92
:10EA200003F1080427E6B00900F139013830C900C4
:10EA300088E7A74261D0A768796821F00301914275
:10EA4000A1EB020002D30F283FF739AF404600F098
:10EA5000BBF80FE603F15C0E03F15B064FEACE0351
:10EA600027E6514651F808398B428A4640F09E808D
:10EA70001EF0030F0EF1FF3EF3D1636823EA060395
:10EA800063607600711E994203D382E6760009F135
:10EA900004091E42FAD0CE4658E68010012606FA36
:10EAA00000F0074367605CE76B18404603EA0E011D
:10EAB0000393AAEB010101EA0E031946009300F04B
:10EAC0006FFF431CDDE901297FF4C6AE0398CDF842
:10EAD00000B0C1E654282AD8300B00F16F016E3027
:10EAE000C9002FE7B3F5AA7F2AD8D30B03F1780E1C
:10EAF00003F177064FEACE03DBE5DFF8BC900AF1BD
:10EB0000FF3ED9F800000844C9F800007CE615EA89
:10EB10000E0F7FF479AE3144A56841F001016960C0
:10EB2000BFE6244B1D6079E601236B608EE7B0F5EC
:10EB3000AA7F27D8F00B00F178017730C90001E7F0
:10EB400040F254518B4227D8930C03F17D0E03F110
:10EB50007C064FEACE03ACE5ABF1080100230AEBDB
:10EB60000100009378E607F108014046CDE900294D
:10EB700001F0B2F8A568DDF804906968D9F80000E2
:10EB8000009A8EE640F2545188420BD8B00C00F146
:10EB90007D017C30C900D5E64FF47E734FF07F0EC7
:10EBA0007E2686E54FF47E717E20CBE6636868E7BB
:10EBB0004028002030280020E4300020014800F0E8
:10EBC0000BBF00BFDC300020014800F007BF00BFD2
:10EBD000DC300020024B0A460146186800F002B8FB
:10EBE000402C0020002900F09D802DE9F0471746B9
:10EBF00082B00C468046FFF7E1FF07F10B03162BAE
:10EC000067D84FF0100C00226346BB42C0F09C80D6
:10EC1000002A40F0998054F8041CA4F1080521F062
:10EC2000030262455FDABB4805EB020E8068DEF83E
:10EC30000460704500F0908026F001007044406848
:10EC4000C00765D426F003069019604546DAC90767
:10EC50000FD454F8080C291A4868894620F003009C
:10EC600006441644B44540F3FA801618B44540F300
:10EC7000D18039464046CDE90032FFF7CBFC06464D
:10EC8000DDE90032002800F0238154F8041CA0F1D3
:10EC9000080C21F001012944614500F0AA80043AE2
:10ECA000242A00F2D880132A00F2A98003462246C3
:10ECB000116819605168596092689A60214640460F
:10ECC00001F00AF84046FFF77FFF304602B0BDE88A
:10ECD000F08723F007039C46DA0F96E70246DEE949
:10ECE0000201C1608860D61A6968A8180F2E01F069
:10ECF00001011AD811436960436843F0010343607E
:10ED000026464046FFF760FF304602B0BDE8F08778
:10ED1000CE07AED454F8080C291A4868894620F06A
:10ED20000300A2E71146FFF775BC194346F0010640
:10ED30006960E9184E600831436843F0010343609D
:10ED4000404600F0C9FFDBE70C23C8F8003000267E
:10ED5000304602B0BDE8F08726F0030E03F110063E
:10ED60000EEB0200B04280F29480C80781D454F8C0
:10ED7000080C291A4868894620F0030086440EEBE7
:10ED800002018E428A463FF770AF043A4E46D9F8E8
:10ED90000C1056F8080F242AC160886000F2B28077
:10EDA000132A40F2AD8021681B2AC9F80810616857
:10EDB000C9F80C1000F2B080083409F11002216883
:10EDC000116061685160A1689160AAEB030209EBD0
:10EDD0000301504D404642F00102A9604A60D9F853
:10EDE000042002F001021343C9F80430FFF7ECFEDF
:10EDF0008AE750F8041C21F003010A4473E72368F2
:10EE00001B2A03606368436038D804F1080200F1EC
:10EE100008034DE7043A4D46D9F80C10242A55F85A
:10EE2000080FC160886022D8132A1ED921681B2AC6
:10EE3000C9F808106168C9F80C103DD8083409F108
:10EE400010022168116061685160A16891602C46D0
:10EE500032464D4647E7214601F09AFB2EE7DEE9B0
:10EE60000201043AC1608860D5E72A46E9E72146F5
:10EE70002846009301F08CFB009BE8E7A368242A56
:10EE80008360E368C36027D004F1100200F110032F
:10EE90000EE7C21A1D441F49404642F001022646B1
:10EEA0008D606A6054F8042C02F00102134344F8A8
:10EEB000043CFFF789FE27E7A168242AC9F810104F
:10EEC000E168C9F8141010D0103409F11802B8E73D
:10EED0004046FFF779FE3AE7236904F1180203611F
:10EEE0006369436100F11803E2E622691834C9F846
:10EEF000182054F8042CC9F81C2009F12002A0E7BE
:10EF000032465CE721463046009301F041FB009B0E
:10EF10005BE700BF38280020A168242AC9F8101038
:10EF2000E168C9F8141003D0103409F1180246E75B
:10EF300022691834C9F8182054F8042CC9F81C2088
:10EF400009F120023BE700BF2DE9F04716461C46B9
:10EF500082460D460A46454B114612F801EB13F85E
:10EF60000EC01CF0080CF7D1BEF12D0F62D0BEF11F
:10EF70002B0F3AD0634634F010013DD04FF0FF37ED
:10EF8000A146B7FBF4F704FB07F86FEA0808002175
:10EF900008460EE0AEF1370C64451DDD013104D0AA
:10EFA000B84202D832D1C44530DD4FF0FF3112F8FB
:10EFB00001EBAEF1300CBCF1090FEDD9AEF1410C13
:10EFC000BCF1190FE6D9AEF1610CBCF1190F03D8F1
:10EFD000AEF1570C6445E1DC4C1C23D003B1404238
:10EFE0000EB129BB3560BDE8F08792F800E08A1CBD
:10EFF00034F010016346C1D1BEF1300F1FD054B9B7
:10F000000A244FF005081A4FA146C0E709FB00C0CB
:10F010000121CCE714B310244FF00F086FF07047B4
:10F02000A146B4E722230846CAF80030002EDAD001
:10F03000551ED7E792F800E001238A1C9BE7117860
:10F0400001F0DF015829E5D1102492F801E04FF0DA
:10F050000F0802326FF07047A14698E708244FF07E
:10F0600007086FF06047A14691E700BF3D200110FF
:10F0700099999919DFF810C013460A460146DCF841
:10F080000000FFF761BF00BF402C0020184B1B6839
:10F0900030B5054683B00C460BB15A6B12B3626EA5
:10F0A000D20702D4A289900516D5224629461846D1
:10F0B00000F07EFA626E0346D10702D4A28992055F
:10F0C00002D5184603B030BD0190A06D00F086FC5B
:10F0D000019B184603B030BDA06D019300F07CFC8D
:10F0E000019BE2E71846019301F070F8019BD6E717
:10F0F000402C002030B587B00546084614460191E3
:10F1000000F05AFD01AA012305900493CDE9020203
:10F1100015B16B6B002B3AD0636EB4F90C20D80795
:10F1200018D591041FD442F4005223F40053A28155
:10F13000636699042FD4284603AA214600F036F8C6
:10F14000636E0546DA0702D4A3899B0510D52846CD
:10F1500007B030BD900511D59104E4D59B04EAD5E4
:10F160004FF0FF35F0E79B04E5D54FF0FF35EEE7B4
:10F17000A06D00F033FC284607B030BDA06D00F054
:10F180002BFCB4F90C20636E9004D2D4CBE7284654
:10F1900001F01CF8C0E74FF0FF35D3E7024B0A46F9
:10F1A00001461868FFF7A6BF402C00209368002B8B
:10F1B00000F0B180B1F90CC01CF0080F2DE9F04F40
:10F1C0000C4683B08046174626D00B6923B31CF04B
:10F1D00002033E682CD04FF0000ADFF8C0B2B946F7
:10F1E00055465D452B465246404628BF5B46002D9E
:10F1F0007FD0E169676AB847002840F38480D9F876
:10F20000083082442D1A1B1AC9F80830002BE8D1A7
:10F21000002003B0BDE8F08F2146404600F068FAB8
:10F22000002875D1B4F90CC03E681CF00203D2D19D
:10F230001CF0010A71D1236855460097002D54D067
:10F240001CF4007FD4F80890184600F0AE80A94561
:10F25000CB4600F2E8801CF4906F33D02169A3EB19
:10F260000109636913EB430348BF01334FEA630BA2
:10F2700009F101032B445A465B4501D99B461A46C6
:10F280001CF4806F00F0EE8011464046FFF7C2F993
:10F29000002800F0FC804A462169019001F0CCF979
:10F2A000A289019B22F4906242F08002A28103EBCA
:10F2B00009002361C4F814B0ABEB0903A946AB46BF
:10F2C000A360206051465A4601F062F9A268009995
:10F2D000A2EB09022368A2605B448A682360521B88
:10F2E0008A60002A94D0B4F90CC0D6E900A508368B
:10F2F000A4E7D6E900A5083673E72146404600F0AA
:10F3000089FE00282ED0B4F90C3043F04003A381CD
:10F310004FF0FF307DE7002070471D469A461846A3
:10F32000B9460093002D2DD0002832D05246A16856
:10F33000AA426369206828BF2A4603EB010B2169B2
:10F34000884201D95A457EDC93426FDC009A4046E0
:10F35000E169676AB847B0F1000BD4DDBAEB0B0A7C
:10F36000CBD00120D9F80830A3EB0B03C9F8083043
:10F37000002B3FF44DAF009BA5EB0B055B440093C6
:10F38000002DD1D1756833460836002DFAD01B68A0
:10F390000093009F2A460A21384601F001F900280F
:10F3A00072D00130A0EB070AC0E722699A4222D34B
:10F3B0006269AA421FD86FF00043E1694046676A5C
:10F3C000AB4228BF2B4693FBF2F302FB03F35246FA
:10F3D000B847B0F1000996DD009AA5EB09059368DE
:10F3E000A3EB09039360002B3FF412AFCA44B4F9B6
:10F3F0000CC0236822E7A9451846514628BFA946F4
:10F400004A4601F0C5F8A2682368A2EB09024B4402
:10F41000A2602360002ADFD12146404600F0FAFDB9
:10F420000028D9D06FE7A946AB464BE70099019277
:10F4300001F0AEF8019AA36893469B1AA360236873
:10F44000134423608AE700995A4601F0A1F8236823
:10F45000214640465B44236000F0DCFD00283FF479
:10F460007DAF50E74046FFF7BDFB034600287FF421
:10F470001EAF2169404600F02FFCA3890C2223F027
:10F480008003C8F8002040E76A1C92464FE70C2230
:10F49000B4F90C30C8F8002037E700BF00FCFF7F4C
:10F4A00070B588B002FB03F41546064603AA039123
:10F4B00007940C99CDE904420122069210B1426BE7
:10F4C000002A55D04A6EB1F90CC0D00713D51CF4F0
:10F4D000005F31D14CF4005C22F40052A1F80CC062
:10F4E0004A6690040FD5D40702D48B89980534D589
:10F4F000002008B070BD1CF4007F20D01CF4005F19
:10F50000E8D09204F1D405AA304601930C91FFF79C
:10F510004DFE0C99019B4A6E02F0010208B32AB914
:10F520008B899B0502D4886D00F058FA079BE41A7A
:10F53000B4FBF5F008B070BD9004D9D4E3E7886D52
:10F5400001930C9100F048FA0C99019BB1F90CC0A1
:10F550004A6E1CF4005FC4D1BCE7886D00F03EFA2F
:10F56000C6E712B98A89920508D5184608B070BD59
:10F57000019300F02BFE019B0C99A3E7886D01938A
:10F5800000F02CFA019B1846F0E700BF10B59C462E
:10F5900082B0DFF818E013460A460146DEF80000A4
:10F5A000CDF800C0FFF77CFF02B010BD402C00205A
:10F5B00010B5044682B010B1436B002B36D0536EA9
:10F5C000DB0702D49389980522D593685FFA81FC02
:10F5D000013B002B936005DA9069834211DBBCF19B
:10F5E0000A0F0ED013686446591C116083F800C0DE
:10F5F000536ED90702D493899B0511D5204602B0DA
:10F6000010BD2046009200F019F8009A0446EFE77A
:10F61000906D0191009200F0DFF9DDE90021D4E75F
:10F62000906D00F0DBF9204602B010BDCDE900126C
:10F6300000F0CCFDDDE90012C1E700BF30B50546A2
:10F6400083B00C4610B1436B002B4CD09169B2F9DA
:10F650000C30916019071FD51169E9B19804516EFA
:10F6600026D5890431D4116813695069CB1A9842A0
:10F670002EDD0133906801389060481C10600C70DA
:10F68000E4B2516999421AD00A2C02D19389DB075E
:10F6900015D4204603B030BD11462846019200F033
:10F6A00027F890B9019AB2F90C30516E9804D8D469
:10F6B00043F4005321F4005193815166D1E7114680
:10F6C000284600F0A7FC0028E3D04FF0FF34E0E725
:10F6D00011462846019200F09DFC0028F5D1019AC0
:10F6E00001231168C6E7019200F070FD019AADE7B1
:10F6F000354A0B4610B50446106882B010B1426B13
:10F70000002A53D0B3F90C20110711D51869C8B1DC
:10F71000B3F90C2012F0010126D059694FF0000C0A
:10F720004942C3F808C0996120B3002002B010BD5F
:10F73000D00640D5510723D4186942F008029A81B7
:10F740000028E5D19A8902F42072B2F5007FDFD05B
:10F7500019462046019300F085FD019BB3F90C206A
:10F76000186912F00101D8D1940758BF59699960FE
:10F770000028DAD11106D9D542F040029A811FE063
:10F78000196B61B103F14000814206D0204601931C
:10F7900000F0A2FA019BB3F90C20002119630021AB
:10F7A000186922F02402C3E90001C6E7019100F0C4
:10F7B0000DFD019BA6E7092142F0400221609A81DC
:10F7C0004FF0FF30B2E700BF402C002011F0FF01E6
:10F7D000034600F003023AD092BB01EB012302681A
:10F7E00003EB034310B583EA020C1C46A2F101337C
:10F7F00023EA0203ACF1013222EA0C02134313F0B4
:10F80000803F0FD150F804CF8CEA040EACF10133E5
:10F81000AEF1013223EA0C0322EA0E02134313F085
:10F82000803FEFD0037823B936E010F8013F002B7A
:10F8300032D09942F9D110BD8A4228D09A0729D0F6
:10F840001A7818460133002AF6D110467047CAB913
:10F850000268A2F1013323EA020313F0803F08D1CA
:10F8600050F8042FA2F1013323EA020313F0803F82
:10F87000F6D003785BB110F8013F002BFBD1704745
:10F88000990705D01A7818460133002AF8D1704735
:10F890001846DDE71846A0E7184610BD82B340EAD7
:10F8A00001039B0730B504468E4617D1032A07D8BB
:10F8B00014E0043A22D01CF0803F1FD1032A23D940
:10F8C00023687146DEF800502046A3F1013C043461
:10F8D000AB420EF1040E2CEA030CEAD003780C784C
:10F8E000A3420FD1013A024406E03BB110F8013FB8
:10F8F00011F8014FA34205D19042F6D1002030BD4E
:10F9000010467047181B30BD20467146E6E700BF21
:10F91000174B1F2810B51C6882B023D8D4F8F811F3
:10F92000024671B151F820305BB1012B06D0B3F122
:10F93000FF3F12D0002441F820409847002002B039
:10F9400010BD2046019200F029F8019A0146204698
:10F9500002B0BDE8104000F00DB81623012023606E
:10F9600002B010BD16234FF0FF302360E7E700BF61
:10F97000402C002038B50023074C054608461146A8
:10F980002360F4F7E7FC431C00D038BD2368002B4C
:10F99000FBD02B6038BD00BFF8350020F4F7D8BC91
:10F9A00038B50023064C054608462360F4F7BAFC38
:10F9B000431C00D038BD2368002BFBD02B6038BD22
:10F9C000F8350020014B1868704700BF402C00201C
:10F9D000704700BF704700BF704700BF704700BF4F
:10F9E000082802D14FF48050704708B5FFF7EAFFAE
:10F9F000162203464FF0FF301A6008BD80EA010C62
:10FA00001CF0030F37D110F0030C20F0030021F09D
:10FA1000030150F8042B08BF51F8043B0ED08CF0C2
:10FA2000030C6FF07F434FEACC0C23FA0CFC51F827
:10FA3000043B42EA0C0243EA0C0300BFA2F1013C82
:10FA40009A4201BF2CEA020C1CF0803F50F8042BB4
:10FA500051F8043BF2D04FEA02604FEA122201282B
:10FA600028BFB0EB036F08BF1B0AF4D003F0FF03FD
:10FA7000000EC01A704710F0030F0AD010F8012BC7
:10FA800011F8013B012A28BF9A42F4D0A2EB0300EF
:10FA9000704720B450F8042B01F0030521F0030156
:10FAA00051F8043B022D27D04ED800BF22F07F45ED
:10FAB000B5EB132FA2F1013C2CEA020C0DD11CF086
:10FAC000803C08BF51F8043B0AD185EA0205B5EB3A
:10FAD000036F0CD150F8042BE8E74FEA13235BE0E7
:10FAE0003CF07F4C54D10B784FEA126554E04FEA5A
:10FAF000126503F0FF034FE04FEA0245A2F1013C1B
:10FB00004FEA15452CEA020CB5EB134F18D11CF047
:10FB1000803C08BF51F8043B07D185EA0205B5EBEC
:10FB2000034F09D150F8042BE6E75FEA0C4C2FD1C4
:10FB30000B884FEA12452FE04FEA03434FEA124584
:10FB40004FEA134328E000BF02F0FF05B5EB136F47
:10FB5000A2F1013C2CEA020C0DD11CF0803C08BF44
:10FB600051F8043B0AD185EA0205B5EB032F0AD10F
:10FB700050F8042BE8E74FEA13630DE012F0FF0F93
:10FB800006D051F8043B4FEA122523F07F4303E0EF
:10FB90004FF0000020BC704705F0FF0203F0FF00AB
:10FBA000012828BF904204BF2D0A1B0AF4D0A2EB03
:10FBB000000020BC704700BF20F0030110F00300DC
:10FBC000C0F1000051F8043B00F1040C4FEACC0CEA
:10FBD0006FF000021CBF22FA0CF213434FF0010C2D
:10FBE0004CEA0C2C4CEA0C4CA3EB0C0222EA03026C
:10FBF00012EACC1204BF51F8043B0430F4D0C2F135
:10FC0000000102EA0102B2FA82F2C2F11F0200EB25
:10FC1000D20070470148FFF7DFBE00BFD830002098
:10FC20000148FFF7DBBE00BFD8300020F8B506461C
:10FC300008200C46FFF7D4FE07463046FEF7BEFF0D
:10FC4000224A93685D6825F00305A5F111031C1B8A
:10FC50003C44B4FBF7F4013C07FB04F4A74208DC86
:10FC600000213046FFF79CFE184A93682B449842C7
:10FC700004D03046FEF7A8FF0020F8BD61423046B0
:10FC8000FFF78EFE0130114A0DD02D1B10499368ED
:10FC9000304645F001055D600B681B1B0B60FEF7ED
:10FCA00093FF0120F8BD00213046FFF779FE074A97
:10FCB0009268831A0F2BDCDD43F001030449536083
:10FCC000044B1B68C01A0860D3E700BF3828002027
:10FCD000E430002030280020002962D02DE9F041D6
:10FCE0000C460746FEF76AFF7A4954F804ECA4F183
:10FCF000080C8D682EF001030EF001060CEB0302D8
:10FD00005068954220F0030000F08780151850607D
:10FD10006D6805F00105A84696BB54F8084C01F142
:10FD2000080EACEB040C2344DCF80840744567D0A3
:10FD3000DCF80C50E560AC60B8F1000F00F0888092
:10FD400043F00100CCF804001360B3F5007F32D219
:10FD50005809DA080123834048680132034351F807
:10FD600032004B6001EBC203083BCCE9020341F8CF
:10FD700032C0C0F80CC03846BDE8F041FEF724BFE1
:10FD800085B9034401F1080E906843F00104704501
:10FD900077D0D268C2609060CCF804404CF8033051
:10FDA000D3E770474EF00102B3F5007F44F8042C0E
:10FDB0004CF80330CCD3B3F5206F4FEA532249D22D
:10FDC0009A0902F1390002F13804C20088188A58F1
:10FDD0000838904203D15DE09268904204D05168A7
:10FDE00021F003019942F7D8D068CCE90220C0F88D
:10FDF00008C03846C2F80CC0BDE8F041FEF7E4BECA
:10FE00009DBB1844D2E90223D3609A6040F00103FD
:10FE1000CCF804304CF80000ADE7184446B954F86B
:10FE2000083CACEB030C1844DCE90223D3609A6075
:10FE300040F00103CCF80430274BC1F808C01B6820
:10FE4000834298D8254B38461968FFF7EFFE92E7B2
:10FE5000034499E7142A0ED9542A22D81A0B02F126
:10FE60006F0002F16E04C200B0E743F00101CCF86C
:10FE7000041013607FE702F15C0002F15B04C20032
:10FE8000A4E7C1E904CCCCE902EECCF804404CF87C
:10FE9000033070E7A4100123A3404C6823434B6058
:10FEA000A3E7B2F5AA7F06D8DA0B02F1780002F1D7
:10FEB0007704C2008AE740F25450824206D89A0C76
:10FEC00002F17D0002F17C04C2007FE74FF47E72F4
:10FED0007E247BE7382800203428002014310020BD
:10FEE000B1F90C202DE9F041804610070C4650D4A2
:10FEF000496842F400630029A38164DDA66A002EEC
:10FF000044D0002112F48052D8F80050C8F80010F4
:10FF100065D1E16901234046B047411C02466CD0DF
:10FF2000B4F90C30A66A5B0705D56368D21A236B57
:10FF30000BB1E36BD21A0023E1694046B047471C7E
:10FF4000B4F90C304DD1D8F800101D2940D8304AF2
:10FF5000CA40D6073CD523F40062D904A2814FF0F1
:10FF6000000262602269226003D5D8F80030002BBD
:10FF700041D0216BC8F8005041B104F140039942CF
:10FF800002D04046FFF7A8FE002323630020BDE80F
:10FF9000F0810E69002EF9D092070D680E600CBF3B
:10FFA0004B690023AD1B8B600AE02B463246E169AA
:10FFB0004046676AB8470028A5EB0005064406DD01
:10FFC000002DF2DCE2E7E16B002997DCDEE7A38994
:10FFD00043F040034FF0FF30A381BDE8F081226D74
:10FFE000A1E723F40062DB04A2814FF0000262600B
:10FFF00022692260BDD52065BBE7D8F80030002B10
:020000041001E9
:100000008ED01D2B01D0162BE1D1C8F80050BDE7D2
:100010000100402000B5034683B008B1426B52B3E3
:10002000B1F90C0098B14A6ED20701D4820512D5FD
:1000300018460091FFF754FF009903464A6ED00717
:1000400002D48A8992050ED5184603B000BD034636
:10005000184603B000BD886D01930091FFF7BCFC0A
:10006000DDE90013E4E7886D0093FFF7B7FC009B20
:10007000184603B000BDCDE9000100F0A7F8DDE9A6
:100080000031CDE7024A0349034800F0C9B800BF78
:100090004C2E0020C9040110482C00200C4B416854
:1000A000994210B5044601D000F00EFAA168094B40
:1000B000994202D0204600F007FAE168064B9942C7
:1000C00004D02046BDE8104000F0FEB910BD00BFCE
:1000D0001831002080310020E83100202DE9F8435C
:1000E000314A0025314C04233149DFF8D89004F11E
:1000F0005C00DFF8D4802F4F2F4E11602946082274
:1001000025606566C4E90335C4E90155C4E90555B0
:1001100000F09AFA04F15800E662C4E90749C4E91C
:100120000987FFF755FC254B2946082204F1C40036
:1001300063672567C4F8CC50C4F88050C4E91A55E9
:10014000C4E91E5500F080FA04F1680304F1C00010
:10015000C4F88430C4E92298C4E92476FFF738FC57
:10016000174B294604F596700822C4F8DC30C4F811
:10017000D850C4F83451C4F8E850C4E93455C4E93F
:10018000385500F061FA04F1D00304F59470C4F816
:10019000F090C4F8FC60C4F8EC30C4E93D87BDE8D9
:1001A000F843FFF715BC00BF503200201831002083
:1001B00085000110B1030110D903011009000100ED
:1001C000120002004D0301107103011010B5044626
:1001D0000A48FFF701FC636B23B9094B094A1B6806
:1001E000626323B10548BDE81040FFF7F7BBFFF796
:1001F00075FF0248BDE81040FFF7F0BBE03000207B
:10020000503200209D0001100148FFF7E5BB00BF00
:10021000E03000200148FFF7E1BB00BFE0300020E4
:100220002DE9F843074688464FF0000916467568E1
:10023000013D10D4B468A389012B08D9B4F90E305C
:1002400021463846013302D0C04749EA0009013D42
:1002500068346B1CEFD13668002EE8D14846BDE803
:10026000F88300BFB1F90C20930706D501F14303D1
:1002700001220B60C1E9043270470B46B1F90E1040
:10028000002930B5044699B032DB02AA009300F091
:10029000B9F80028009B29DB4FF4806120460093C9
:1002A000039DFEF7B7F9009BB3F90C2000283BD063
:1002B00005F4704142F0800218601861B1F5005FEA
:1002C0004FF480609A8158613CD1B3F90E102046FA
:1002D000009300F0ABF8009BB3F90C2090B322F030
:1002E00003024FF4006C42F0010218E0B3F90C2055
:1002F00012F0800F204601930CBF4FF48061402123
:100300000091FEF787F9019B0099B3F90C2058B1D1
:1003100042F080024FF0000C1860C3E9040142EA89
:100320000C029A8119B030BD9105FBD422F0030272
:1003300003F14301012042F002021960C3E90410F5
:100340009A81EFE74FF4006CE9E700BF10B50C4667
:10035000B1F90E1000F090F8002803DB236D034480
:10036000236510BDA38923F48053A38110BD00BF72
:100370002DE9F0411F46B1F90C3016460C46DA055E
:1003800005460BD423F4805132463B462846A181D2
:10039000B4F90E10BDE8F04100F082B8022300224B
:1003A000B1F90E1000F054F8B4F90C30EAE700BFD0
:1003B00010B50C46B1F90E1000F04AF8421CB4F921
:1003C0000C3004D043F480532065A38110BD23F486
:1003D0008053A38110BD00BFB1F90E1000F000B82A
:1003E00038B50023064C054608462360F3F7D4FFD2
:1003F000431C00D038BD2368002BFBD02B6038BDD8
:10040000F835002038B50023074C0546084611464C
:100410002360F3F7C9FF431C00D038BD2368002BCD
:10042000FBD02B6038BD00BFF835002038B5002365
:10043000064C054608462360F3F7BAFF431C00D07C
:1004400038BD2368002BFBD02B6038BDF835002069
:1004500038B5084C0546084611461A460023236065
:10046000F3F79EFF431C00D038BD2368002BFBD060
:100470002B6038BDF835002038B5084C05460846D5
:1004800011461A4600232360F3F768FF431C00D08F
:1004900038BD2368002BFBD02B6038BDF835002019
:1004A00038B5084C0546084611461A460023236015
:1004B000F3F762FF431C00D038BD2368002BFBD04C
:1004C0002B6038BDF835002070B5002941D00646B4
:1004D0000C4610B1436B002B3ED0FFF795FE636EC8
:1004E000B4F90C20DD0730D4900538D521463046CC
:1004F000FFF7F6FCE36A054633B1E16930469847F9
:100500000028B8BF4FF0FF35A3891A0639D4216BF4
:1005100041B104F14003994202D03046FFF7DCFBC1
:1005200000232363616C21B13046FFF7D5FB002324
:100530006364636E0022DB07A2811ED5A06DFFF706
:1005400049FAFFF767FE284670BD002ACED1FFF7B3
:1005500061FE0025284670BDFFF738FEBDE7A06D9F
:10056000FFF73AFAB4F90C30002BBFD1636ED9070C
:10057000EDD4A06DFFF732FAE9E7A06DFFF72EFA90
:10058000DCE721693046FFF7A7FBC0E70000000069
:100590005FF800F0252400205FF800F049170020E4
:1005A0005FF800F0D12500205FF800F0190D002061
:1005B0005FF800F09B2300205FF800F04523002047
:1005C0005FF800F0752300205FF800F0C103002001
:1005D0005FF800F0591F00205FF800F0952300201D
:1005E0005FF800F0391F00205FF800F0A517002029
:1005F0005FF800F0F10C00205FF800F02902002005
:100600005FF800F0A52300205FF800F0F101002062
:100610005FF800F0950D00205FF800F04910002011
:100620005FF800F0610200205FF800F0450500204F
:100630005FF800F0791F00205FF800F065260020C9
:100640005FF800F06D0400205FF800F049250020FD
:100650005FF800F0812300205FF800F04D170020C4
:100660005FF800F0591700205FF800F04D0D0020F2
:10067000A927001021270010512700103928001049
:1006800089270010A9260010D127001095260010F8
:10069000091D0010D5270010C5200010F1260010FC
:1006A000BD2700106D270010751900109D1900104E
:0C06B000CD4600102D080010155F001052
:1006C000766563746F723A3A5F4D5F72616E67650B
:1006D0005F696E7365727400696E76616C6964201F
:1006E000484944207265706F7274206C656E67743F
:1006F00068000000696E76616C6964206672616DE5
:1007000065000000666C61736820766572696669D1
:10071000636174696F6E206661696C6564000000D6
:10072000636F6D6D616E64206973206E6F742061FC
:100730007661696C61626C6520696E2074686973AA
:10074000206669726D77617265206275696C6400FC
:10075000090400004D61727543686977610000000B
:100760004D6972614C696E6B205069636F20322055
:1007700057000000756E737570706F727465642039
:10078000636F6E66696775726174696F6E207363FB
:1007900068656D6100000000686170746963735F73
:1007A0006761696E206973206F7574736964652071
:1007B000312E302E2E322E3000000000766F6C75F8
:1007C0006D65206973206F75747369646520302EC0
:1007D0002E31323700000000737065616B65725F07
:1007E0006761696E206973206F7574736964652031
:1007F000302E2E3700000000696E616374697665E3
:100800005F6D696E75746573206973206F7574739D
:1008100069646520302E2E3630000000706F6C6CDD
:10082000696E675F6D6F646520697320756E73759F
:1008300070706F7274656400617564696F5F627572
:10084000666665725F6C656E677468206973206F99
:100850007574736964652031362E2E31323700008D
:10086000636F6E74726F6C6C65725F6D6F64652020
:10087000697320756E737570706F727465640000B3
:10088000747269676765725F726564756365206914
:1008900073206F75747369646520302E2E313000BB
:1008A0007374617475735F6770696F5F6D6F646592
:1008B00020697320756E737570706F727465640053
:1008C000636F6E66696775726174696F6E207061BF
:1008D000796C6F616420697320746F6F2073686F27
:1008E000727400000A2A2A2A2050414E4943202AC5
:1008F0002A2A0A004E6F207370696E6C6F636B73E7
:100900002061726520617661696C61626C650000CE
:10091000486172647761726520616C61726D202537
:100920006420616C726561647920636C61696D65D6
:100930006400000048617264206173736572740022
:100940004F7574206F66206D656D6F7279000000C1
:1009500052656C6561736500626F6F74325F7732E8
:100960003571303830000000302E322E300000005B
:10097000322E332E300000007069636F325F7700D3
:10098000417567203132203230323600666E692B75
:1009900000000000666E69006E616E00666E692D73
:1009A00000000000556E68616E646C6564204952F9
:1009B0005120307825780A00657020253032582083
:1009C00077617320616C7265616479206176616919
:1009D0006C61626C6500000043616E277420636F78
:1009E0006E74696E75652078666572206F6E206919
:1009F0006E61637469766520657020253032580019
:100A0000474C49424358585F54554E41424C455318
:100A1000000000006F626A5F73697A650000000081
:100A20006F626A5F636F756E74000000676C696265
:100A30006378782E65685F706F6F6C007374643ACA
:100A40003A6261645F657863657074696F6E000017
:100A50007465726D696E6174652063616C6C656448
:100A6000207265637572736976656C790A0000009F
:100A70007465726D696E6174652063616C6C656428
:100A8000206166746572207468726F77696E672082
:100A9000616E20696E7374616E6365206F662027D6
:100AA00000000000270A00007465726D696E6174B1
:100AB000652063616C6C656420776974686F757418
:100AC00020616E2061637469766520657863657066
:100AD00074696F6E0A00000020207768617428290D
:100AE0003A20200062617369635F737472696E6794
:100AF0003A3A5F535F636F6E737472756374206EFE
:100B0000756C6C206E6F742076616C6964000000F7
:100B100062617369635F737472696E673A3A5F53B7
:100B20005F63726561746500256400005F474C4F28
:100B300042414C5F0000000028616E6F6E796D6F5E
:100B40007573206E616D65737061636529000000C7
:100B50006175746F000000006465636C7479706582
:100B6000286175746F290000737472696E67206C58
:100B700069746572616C0000737464006465636C11
:100B800074797065286E756C6C7074722900000041
:100B90005B6162693A0000002C2000003A3A0000D4
:100BA0007B64656661756C74206172672300000068
:100BB0007D3A3A006175746F3A00000074656D709B
:100BC0006C61746520706172616D65746572206F0F
:100BD000626A65637420666F72200000696E6974D2
:100BE00069616C697A657220666F72206D6F6475D9
:100BF0006C652000767461626C6520666F722000FF
:100C000056545420666F722000000000636F6E73AC
:100C10007472756374696F6E20767461626C65209E
:100C2000666F7220000000002D696E2D000000002C
:100C300074797065696E666F20666F7220000000BF
:100C400074797065696E666F206E616D6520666F80
:100C50007220000074797065696E666F20666E2080
:100C6000666F7220000000006E6F6E2D76697274E0
:100C700075616C207468756E6B20746F20000000C5
:100C8000636F76617269616E742072657475726EDD
:100C9000207468756E6B20746F2000006A61766145
:100CA00020436C61737320666F72200067756172F8
:100CB00064207661726961626C6520666F722000E3
:100CC000544C5320696E69742066756E6374696F45
:100CD0006E20666F72200000544C53207772617052
:100CE0007065722066756E6374696F6E20666F72D0
:100CF000200000007265666572656E63652074652C
:100D00006D706F72617279202300000068696464FD
:100D1000656E20616C69617320666F72200000004F
:100D20006E6F6E2D7472616E73616374696F6E2085
:100D3000636C6F6E6520666F722000006F70657265
:100D400061746F72000000006F70657261746F7281
:100D5000200000003E280000636C0000697800005D
:100D600071750000203A20006E65772000000000B9
:100D7000756C00006C6C0000756C6C0066616C73C7
:100D80006500000074727565000000006A6176619C
:100D9000207265736F757263652000006465636C13
:100DA00074797065202800002E2E2E0074686973F7
:100DB000000000007B7061726D230000676C6F6241
:100DC000616C20636F6E7374727563746F727320DD
:100DD0006B6579656420746F20000000676C6F623A
:100DE000616C2064657374727563746F7273206BC9
:100DF0006579656420746F20000000007B6C616D74
:100E000062646100292300007B756E6E616D65640C
:100E10002074797065230000205B636C6F6E652021
:100E2000000000005B667269656E645D0000000092
:100E3000747970656E616D650000000074656D7099
:100E40006C6174650000000020636C6173730000C6
:100E50002072657175697265732000002072657378
:100E6000747269637400000020766F6C6174696C41
:100E70006500000020636F6E73740000207472615F
:100E80006E73616374696F6E5F7361666500000005
:100E9000206E6F657863657074000000207468725E
:100EA0006F77000026260000205F436F6D706C6531
:100EB00078000000205F496D6167696E617279009A
:100EC0003A3A2A00205F5F766563746F72280000EB
:100ED0007468697320000000282E2E2E0000000088
:100EE0002E2E2E2900000000202E2E2E2000000085
:100EF00024540000244E0000245454007374643AB7
:100F00003A616C6C6F6361746F720000616C6C6F3E
:100F10006361746F720000007374643A3A626173C3
:100F200069635F737472696E670000006261736960
:100F3000635F737472696E67000000007374643AD3
:100F40003A737472696E67007374643A3A626173DB
:100F500069635F737472696E673C636861722C20A9
:100F60007374643A3A636861725F7472616974732E
:100F70003C636861723E2C207374643A3A616C6C15
:100F80006F6361746F723C636861723E203E000063
:100F90007374643A3A6973747265616D000000009D
:100FA0007374643A3A62617369635F6973747265FA
:100FB000616D3C636861722C207374643A3A6368B3
:100FC00061725F7472616974733C636861723E2020
:100FD0003E00000062617369635F697374726561EA
:100FE0006D0000007374643A3A6F73747265616DDA
:100FF000000000007374643A3A62617369635F6F62
:1010000073747265616D3C636861722C20737464E3
:101010003A3A636861725F7472616974733C6368C1
:1010200061723E203E00000062617369635F6F730E
:10103000747265616D0000007374643A3A696F738D
:10104000747265616D0000007374643A3A62617392
:1010500069635F696F73747265616D3C6368617227
:101060002C207374643A3A636861725F74726169C8
:1010700074733C636861723E203E00006261736974
:10108000635F696F73747265616D0000614E00008B
:10109000263D0000615300003D000000616100003A
:1010A0006164000026000000616E0000616C6967E9
:1010B0006E6F66200000000061770000636F5F6163
:1010C0007761697420000000617A000063630000AA
:1010D000636F6E73745F636173740000282900008E
:1010E000636D00002C000000636F00007E000000B4
:1010F000645600002F3D0000645800005B2E2E2E29
:101100005D3D00006461000064656C6574655B5D55
:10111000200000006463000064796E616D69635FA4
:101120006361737400000000646500002A00000021
:1011300064690000646C000064656C65746520007F
:10114000647300002E2A00006474000064760000BE
:101150002F00000064780000654F00005E3D000035
:10116000656F00005E000000657100003D3D0000FD
:10117000664C000066520000666C0000667200005B
:10118000676500003E3D0000677300006774000063
:101190005B5D00006C5300003C3C3D003C3D0000AA
:1011A0006C6900006F70657261746F72222220009A
:1011B0006C7300003C3C00006C7400003C000000BC
:1011C0006D4900002D3D00006D4C00002A3D0000DF
:1011D0006D6900002D0000006D6C00006D6D000059
:1011E0002D2D00006E6100006E65775B5D000000D4
:1011F0006E650000213D00006E74000021000000BB
:101200006E7700006E6577006E7800006E6F65780F
:1012100063657074000000006F5200007C3D0000A8
:101220006F6F00007C7C00007C000000704C0000B0
:101230002B3D0000706C00002B000000706D000062
:101240002D3E2A00707000002B2B000070730000F0
:10125000707400002D3E00003F000000724D000041
:10126000253D0000725300003E3E3D0072630000C9
:101270007265696E746572707265745F63617374B0
:1012800000000000726D0000250000007273000075
:101290003E3E00007350000073697A656F662E2E23
:1012A0002E000000735A00007363000073746174B1
:1012B00069635F63617374003C3D3E0073697A65E6
:1012C0006F662000737A0000747200007468726F99
:1012D00077000000747700007468726F7720000058
:1012E0007369676E6564206368617200626F6F6C1A
:1012F00000000000626F6F6C65616E006368617270
:10130000000000006279746500000000646F75627F
:101310006C6500006C6F6E6720646F75626C6500B1
:10132000666C6F61740000005F5F666C6F617431A2
:1013300032380000756E7369676E6564206368619A
:1013400072000000696E7400756E7369676E656483
:1013500020696E7400000000756E7369676E6564C5
:10136000000000006C6F6E6700000000756E73690E
:10137000676E6564206C6F6E670000005F5F696E6A
:101380007431323800000000756E7369676E6564F1
:10139000205F5F696E7431323800000073686F72CD
:1013A00074000000756E7369676E65642073686F02
:1013B00072740000766F69640000000077636861F2
:1013C000725F74006C6F6E67206C6F6E6700000058
:1013D000756E7369676E6564206C6F6E67206C6FE5
:1013E0006E670000646563696D616C3332000000F4
:1013F000646563696D616C3634000000646563691F
:101400006D616C313238000068616C66000000006C
:1014100063686172385F74006368617231365F744B
:10142000000000006368617233325F7400000000E6
:101430005F466C6F617400007374643A3A62666C64
:101440006F617431365F74004D6972614C696E6B07
:10145000020001000000000000000000E101001097
:10146000E5010010ED020010F9010010010000007C
:101470000000803F646400000140020000000000A2
:10148000000000FF0000000001AA0000500701104A
:10149000540701106007011000000000090222003B
:1014A000010100803209040000010300000009214D
:1014B00011010001223500070581034000050000ED
:1014C0001201000200000040FECA4C4D0001010262
:1014D000030100000600FF0901A1018501090215B1
:1014E0000026FF0075089540B1028502090315002A
:1014F00026FF0075089540B10285030904150026F2
:10150000FF0075089540B102C00000000100000016
:101510000000803F64640000014002000000000001
:10152000000000FF00000000010000000000803FFC
:10153000646400000140020000000000000000FFA1
:101540000000000000000000FFFFFFFFFFFFFF7F23
:1015500006005250D3F07542500901100600525057
:10156000E182887F58090110060052503ABCA91147
:101570006809011006005250ABB3605370090110A6
:1015800006005250BBFF3CB67809011006005250CD
:10159000861C030260070110060052505422A29DCF
:1015A0008009011005005250DE65F4688C5101106D
:1015B000000000000000F03F000000000000244098
:1015C00000000000000059400000000000408F4073
:1015D000000000000088C34000000000006AF840DE
:1015E0000000000080842E4100000000D012634102
:1015F0000000000084D797410000000065CDCD4178
:101600000D0A000000000000AD570010BD5700108B
:10161000C1570010D157001089580010795A001096
:1016200000000000537439657863657074696F6EEB
:1016300000000000D8170110241601105374313334
:101640006261645F657863657074696F6E00000045
:10165000001701103C160110341601104E31305F96
:101660005F637878616269763131355F5F666F728A
:101670006365645F756E77696E644500D817011005
:101680005C1601104E31305F5F6378786162697675
:101690003131395F5F666F726569676E5F65786368
:1016A000657074696F6E4500D817011084160110BB
:1016B00000000000501601109D610010A96100108B
:1016C000A16100104E31305F5F63787861626976A6
:1016D0003132305F5F73695F636C6173735F74791C
:1016E00070655F696E666F450000000000170110AD
:1016F000C4160110C417011000000000EC16011000
:10170000696900107D6900108D6A00108D6A0010F3
:10171000A96E0010D16D0010596A0010D96900102F
:1017200099690010537439747970655F696E666FDA
:1017300000000000D8170110241701105374313134
:101740006C6F6769635F6572726F720000170110DA
:101750003C17011034160110537431326C656E67FA
:1017600074685F6572726F720000000000170110EC
:10177000581701104C170110000000004C17011001
:10178000C96B0010496C0010C56B00100000000010
:101790006C170110096C0010916C0010C56B0010E3
:1017A0004E31305F5F637878616269763131375FDF
:1017B0005F636C6173735F747970655F696E666F88
:1017C0004500000000170110A01701103417011088
:1017D00000000000C4170110156E0010296E0010E3
:1017E0008D6A00108D6A0010A96E0010D16D001076
:1017F000896E0010456E0010096E0010F00E011089
:10180000F40E0110F80E011074000000780B0110A6
:1018100003000000780B011003000000000000002E
:101820000000000061000000FC0E01100E0000002E
:10183000FC0E01100E0000000C0F0110090000004A
:1018400062000000180F011011000000180F0110B5
:10185000110000002C0F01100C00000073000000AC
:101860003C0F01100B000000480F01104600000063
:101870002C0F01100C00000069000000900F0110F7
:101880000C000000A00F011031000000D40F011067
:101890000D0000006F000000E40F01100C000000BC
:1018A000F40F011031000000281001100D0000009D
:1018B00064000000381001100D00000048100110F5
:1018C000320000007C1001100E0000008C1001108E
:1018D000901001100200000002000000941001109E
:1018E0009810011001000000020000009C1001107F
:1018F000A40E01100200000002000000A010011060
:10190000A41001100100000001000000A810011047
:10191000A4100110010000000200000034140110A6
:10192000AC1001100800000001000000B810011008
:10193000BC1001100900000001000000C8100110D7
:10194000AC1001100800000001000000CC100110D4
:10195000D01001100A00000002000000580D011014
:10196000DC1001100200000002000000E010011075
:10197000E41001100100000002000000E810011056
:10198000EC1001100100000001000000F010011037
:10199000F41001100200000002000000F810011015
:1019A000FC100110060000000300000004110110EB
:1019B00008110110090000000100000014110110BD
:1019C000181101100C000000020000002811011085
:1019D0002C11011001000000010000003011011065
:1019E00098100110010000000200000034110110E5
:1019F0003811011007000000010000004011011023
:101A00004411011002000000020000004811011002
:101A1000A012011001000000020000004C11011092
:101A200050110110010000000200000054110110CB
:101A30000011011002000000020000005811011006
:101A40005C11011002000000020000006011011092
:101A50006411011001000000020000006811011073
:101A60006C11011002000000020000007011011052
:101A7000A80D011003000000030000007411011004
:101A8000A80D0110030000000300000078110110F0
:101A9000A80D011003000000020000007C110110DD
:101AA000A80D0110030000000200000080110110C9
:101AB00084110110020000000200000088110110D2
:101AC0009C0B011002000000010000008C110110AD
:101AD000D00F011001000000020000005C0D011099
:101AE000901101100200000002000000941101108A
:101AF0009811011003000000020000000C09011001
:101B00009C1101100200000002000000A011011051
:101B1000A41101100B00000001000000B011011021
:101B2000B41101100200000002000000B811011001
:101B3000BC1101100100000002000000C0110110E2
:101B4000C41101100200000002000000C8110110C1
:101B5000CC1101100200000002000000D0110110A1
:101B6000D41101100100000002000000D811011082
:101B70002C1101100100000002000000DC11011016
:101B8000E01101100200000001000000E41101104A
:101B9000E81101100500000003000000F011011021
:101BA000F41101100200000002000000E013011017
:101BB000D41101100100000001000000F811011013
:101BC000FC110110010000000100000000120110D2
:101BD00004120110030000000300000008120110AD
:101BE0000C12011008000000010000001812011082
:101BF0001C1201100200000002000000201201105F
:101C0000241201100200000002000000080F011061
:101C10002812011001000000020000002C12011027
:101C20003012011002000000020000003412011006
:101C30003812011001000000020000003C120110E7
:101C400040120110030000000200000044120110C5
:101C50004812011002000000010000004C120110A7
:101C600038120110010000000100000050120110A4
:101C7000541201100200000002000000600D01106B
:101C80005812011001000000030000005C12011056
:101C90006012011002000000020000006412011036
:101CA0006812011003000000020000006C12011015
:101CB00070120110100000000200000084120110D8
:101CC0008812011001000000020000008C120110B7
:101CD0009012011002000000020000009412011096
:101CE000981201100900000001000000A412011068
:101CF000981201100900000001000000A812011054
:101D0000AC1201100B000000020000004C0E01108C
:101D1000B81201100300000002000000D8100110EA
:101D2000BC1201100700000001000000C4120110E5
:101D3000BC1201100700000001000000C8120110D1
:101D4000CC1201100500000000000000D4120110A8
:101D5000D812011006000000010000000000000081
:101D6000000000000000000000000000E012011070
:101D70000B000000E01201100B000000000000004A
:101D8000EC12011004000000F41201100700000022
:101D900007000000FC1201100400000004130110F1
:101DA00004000000000000000C13011006000000F9
:101DB0000C130110060000000800000014130110AD
:101DC0000B000000141301100B00000008000000BD
:101DD0002013011005000000201301100500000071
:101DE00008000000281301100A0000002813011049
:101DF0000A00000008000000341301100D0000006C
:101E0000341301100D000000000000004413011005
:101E10000300000044130110030000000100000053
:101E2000481301100C0000005813011008000000B6
:101E300002000000000000000000000000000000A0
:101E40000000000000000000641301100400000006
:101E50006413011004000000030000006C13011063
:101E60000D0000006C1301100D00000004000000C4
:101E70007C130110080000007C1301100800000012
:101E800000000000881301101100000088130110E9
:101E90001100000000000000000000000000000031
:101EA0000000000000000000000000000000000032
:101EB0000000000000000000000000000000000022
:101EC0000000000000000000000000000000000012
:101ED000000000009C130110050000009C1301107D
:101EE0000500000000000000A41301100E00000017
:101EF000A41301100E00000000000000000000000C
:101F000000000000000000000000000000000000D1
:101F1000B413011004000000B41301100400000009
:101F200009000000BC13011007000000FC120110A2
:101F30000400000000000000C413011009000000AC
:101F4000641301100400000005000000D01301100C
:101F500012000000D0130110120000000600000063
:101F6000A80D011003000000A80D011003000000DF
:101F700000000000E413011009000000E413011048
:101F80000900000000000000F0130110090000002B
:101F9000F01301100900000000000000FC13011004
:101FA0000A000000FC1301100A00000000000000FD
:101FB00008140110040000000814011004000000BF
:101FC0000800000010140110070000001014011098
:101FD00007000000000000001814011008000000B5
:101FE0001814011008000000000000002414011063
:101FF0000800000024140110080000000000000088
:102000007C0B0110110000007C0B0110110000007E
:102010000000000030140110060000003014011010
:102020000600000008000000381401100F00000036
:10203000381401100F0000000800000000202020CC
:102040002020202020202828282828202020202068
:102050002020202020202020202020202088101038
:102060001010101010101010101010101004040494
:102070000404040404040410101010101010414152
:102080004141414101010101010101010101010140
:102090000101010101010101101010101010424254
:1020A0004242424202020202020202020202020210
:1020B00002020202020202021010101020000000B0
:1020C0000000000000000000000000000000000010
:1020D0000000000000000000000000000000000000
:1020E00000000000000000000000000000000000F0
:1020F00000000000000000000000000000000000E0
:1021000000000000000000000000000000000000CF
:1021100000000000000000000000000000000000BF
:1021200000000000000000000000000000000000AF
:10213000000000000000000000000000000000009F
:102140004142FF7FA908B100FFFF01080E041C00F7
:10215000180E00002D42FF7FA908B100FFFF010803
:102160000E041C00180E000008B10181B0B00084FC
:10217000000000000D42FF7FB0AF1800FF101901F2
:102180001124DE050000B00604CE0801EC06EE01C5
:102190000000010000000000E941FF7F8408B10158
:1021A000B0B0B000FF100D010402060801010000EC
:1021B0000000000008B10181B0B000840000000000
:1021C00008B10181B0B0008400000000B541FF7F7C
:1021D000B0AA0100FF10290118303000006A049EE7
:1021E0000103702E0000BA0118E20100DC010E00AC
:1021F000000200017D0000000000000038F4FFFF35
:102200008141FF7FB0AB0400FFFF010C1C046200A2
:10221000680400006E0462006941FF7FB0AF0200F5
:10222000FF1019010F320A3C01840136C00100C8B9
:102230000104000001000000000000004541FF7F94
:10224000B0A80100FFFF010008B10181B0B0008417
:102250000000000008B10181B0B00084000000005F
:10226000103BFF7FDCFEFF7F383BFF7FE8FEFF7FF8
:10227000603BFF7F01000000983DFF7FB0AA038014
:10228000443EFF7F01000000443FFF7FB0B0AA80C2
:102290000040FF7FD4FEFF7F4040FF7FB0A9028057
:1022A000E040FF7FD0FEFF7F3C45FF7FECFEFF7FDD
:1022B0004445FF7F010000004C45FF7FF8FEFF7F93
:1022C0004C45FF7FFCFEFF7F5445FF7F010000006F
:1022D0006445FF7F00840280A045FF7F010000006D
:1022E000E045FF7FAB08B1801046FF7FB0B0A8800B
:1022F0007846FF7F010000006047FF7FB0B0AC80F0
:102300008847FF7F01000000B447FF7FC0FEFF7FCA
:10231000B448FF7F01000000C049FF7FE4FEFF7F5B
:102320003C4AFF7FB0B0A880484AFF7F008402800B
:102330009C4AFF7F01000000984AFF7FB0AA0380FB
:10234000C84AFF7F01000000FCBFFF7FCCFEFF7F7B
:10235000CCC0FF7FE8FEFF7F4CC1FF7F0100000083
:10236000F0F0FE0FB0A8038080F1FE0FB0B0A8809F
:10237000D0F1FE0F01000000D8F1FE0FB0B0AA802E
:1023800010F2FE0FAF76B280E0F2FE0FAB3F3A8064
:1023900048F3FE0F0100000054F3FE0FB0B0AA8016
:1023A00090F3FE0F010000004CF4FE0FAC0FB28062
:1023B000C8F4FE0FB0AF088064F7FE0F0100000004
:1023C00074F7FE0FAC3F038078FAFE0F01000000A7
:1023D00048FCFE0F008404805CFCFE0F010000003E
:1023E00058FCFE0FB0AC05805CFFFE0F008404803B
:1023F00084FFFE0F54FEFF7F88FFFE0F58FEFF7F15
:0824000094FFFE0F0100000033
:10240800501501105C1501106815011074150110A4
:10241800801501108C15011098150110A4150110D4
:10242800034600B50268EFF3108C72B6D2E8CFEF1E
:102438000120BEF1000FF9D1C2E84E0FBEF1000F26
:10244800F4D1BFF35F8F93F90420002A09DB01B1AF
:102458000A60002000221B68C3E88F2F8CF31088C5
:1024680000BD4FF05042126801201A71F2E700BF18
:102478004FF050412DE9F8431F460B6804461646B5
:1024880000259946DFF874802368EFF3108272B64E
:10249800D3E8CF0F01210028FAD1C3E8401F002854
:1024A800F6D1BFF35F8F94F904302168002B1BDB52
:1024B80098F80030DBB2C1E88F5F82F3108898F893
:1024C80000209A4208D03046394602F0DDFA00284A
:1024D800DAD00020BDE8F88320BF3046394602F044
:1024E800D3FA0028D0D0F4E7002384F80490C1E898
:1024F8008F3F82F310880120BDE8F883483A002016
:1025080070B582B001A9064614461D46FFF788FF3C
:1025180038B94FF050439DF9042093F900309A429E
:1025280001D102B070BD22462B46304602B0BDE84C
:102538007040FFF79DBF00BF70B505460C4602F01E
:10254800AFFA02460B464FF47A704FF0FF3E6FF039
:10255800004CE4FB002396457CEB030138BF724630
:102568002846BDE8704038BF6346FFF781BF00BF0B
:102578000368EFF3108172B6D3E8CFCF0122BCF124
:10258800000FF9D1C3E84C2FBCF1000FF4D1BFF311
:102598005F8F4FF0FF0C074A80F804C013780133AF
:1025A800137000230268C2E88F3F81F3108840BF90
:1025B800704700BF483A0020DFF82CC09CF8003074
:1025C8006BB9074A0749131F02F1FC00891ACA5858
:1025D80043F8042F8342FAD101238CF80030704766
:1025E800C034002004000E40463A0020004B184733
:1025F800C1340020034B1A6A02609A6A42605B6A1F
:102608008360704700000D4008B500234021DB8A35
:1026180044F246409847006808BD00BF00B583B043
:10262800019000F00FF9094B01985A68C2609A6846
:102638000261DA6842611A6982615A69C2619B69FA
:10264800036203B05DF804EBFFF7D4BF0000044059
:1026580010B50446FFF7D8FF1CB10088C0F303305B
:1026680010BD0A2010BD00BF0E4B1B6803B11847F0
:1026780000B583B001900120FFF7EAFF48B9019B3C
:10268800094A19681162596891629B68536203B0DC
:1026980000BD4FF480514AF20202034BD9621A631B
:1026A800F5E700BF303A002000000D40C268074B34
:1026B8005A6002699A604269DA6082691A61C2697D
:1026C8005A61026A9A61FFF7CFBF00BF0000044059
:1026D8002DE9F0434318B3F5800F8BB04BD8002396
:1026E80080468946DA8A002343E800F35C0254BF37
:1026F8001021042144F24960904700230746DA8AF2
:10270800002343E800F3580254BF1021042145F682
:102718004500904700230646DA8A002343E800F381
:10272800590254BF1021042144F25250904700230B
:102738000546DA8A002343E800F35B0254BF102100
:10274800042144F2463090470446FFF735FF01A8BC
:10275800FFF764FFB847B047D8234FF480324946A3
:102768004046A847A047FFF741FF01A8FFF79EFF93
:102778000BB0BDE8F08302F077F900BF2DE9F04710
:102788008318B3F5800F8AB04AD800239146804653
:102798008A46DA8A002343E800F35C0254BF10211A
:1027A800042144F24960904700230746DA8A00234F
:1027B80043E800F3580254BF1021042145F64500B0
:1027C800904700230646DA8A002343E800F35902BB
:1027D80054BF1021042145F25200904700230546BA
:1027E800DA8A002343E800F35B0254BF1021042176
:1027F80044F2463090470446FFF7DEFE01A8FFF793
:102808000DFFB847B0474A4651464046A847A0473B
:10281800FFF7ECFE01A8FFF749FF0AB0BDE8F08713
:1028280002F022F90144884206D2002302F1C05284
:10283800835408308142FBD8BFF34F8FBFF36F8FAB
:10284800704700BF01224FF480410148FFF7EABFFB
:1028580000C0FF03002108B5134B4FF47072996054
:102868001248D960196159619961D961196259622F
:102878009962D962196359639963D9631964596470
:102888009964D964196559659965D9651966596650
:102898009966D966196759679967D96701F0DCFFA6
:1028A800034B044A1A6008BD00001050443600204B
:1028B8000C3A0020800110502DE9F0471E4B84B0DF
:1028C800D3F858A0BAF1000F21D0002401254FF405
:1028D800E069DFF86C80194F05E00134E4B2202C80
:1028E8004FEA450513D01AEA050FF6D0E34304F082
:1028F800FE0603F001031E4407EB46163046C8F8EF
:10290800585000F001FC28B93AEA050AE5D104B0AC
:10291800BDE8F087B378F28A8DF80830002301A863
:102928000121ADF8049003928DF8093000F00AFCFB
:10293800304600F08DFBE7E7000011500436002018
:102948000030115070B5B24B86B0D3F8984014F4EB
:10295800003574D0AF4AB04B906A93F83B20AF492A
:10296800022A086000F0E680002593F87B20022AFE
:1029780000F0B28193F8BB20022A00F0A28193F8FC
:10298800FB20022A00F0928193F83B21022A00F0F2
:10299800818193F87B21022A00F0718193F8BB2191
:1029A800022A00F0618193F8FB21022A00F050818D
:1029B80093F83B22022A00F03F8193F87B22022AF7
:1029C80000F01A8193F8BB22022A00F0098193F8DB
:1029D800FB22022A00F0F88093F83B23022A00F039
:1029E800E78093F87B23022A00F0B78093F8BB2393
:1029F800022A00F07C8193F8FB23022A00F0C780AA
:102A08003DB9874B1B7823B94FF40032854BC3F887
:102A180090204FF440727E4B01219B6C03A8C3F3B6
:102A28000A030493ADF80C2000F08CFBE3064FF486
:102A380000357D4E07D5FFF73FFF354603E0E30637
:102A48004FF01006F7D4E0031DD573480226837EA5
:102A580045F4803533BB4FF00103012EC37000F1FC
:102A680020001BD14FF4C062704BADF80C2093E8E6
:102A78000300CDE90401314603A800F063FB4FF4DD
:102A88000032684B1A65E1043ED462042ED4230454
:102A98001DD4A54240F0BB8106B070BD837E0126DF
:102AA800002BD8D0624B5A4A1E66536E36EA03038F
:102AB800FBD14FF440520021019000F0CFFA019869
:102AC80000F0C6FA574B01985E661E66C3E74FF4DE
:102AD800A063012103A8ADF80C3000F033FB4FF4DC
:102AE8000062504B45F400451A65D2E74FF4806305
:102AF800012103A8ADF80C3000F024FB1022494B4B
:102B080045F480451A65C2E70026414B45F48055D7
:102B18001E60FFF79FFE4FF48073012103A8ADF8F4
:102B28000C308DF8106000F00DFB4FF400223D4B87
:102B38001A65AAE793F83A50002D3FF416AF93F8B8
:102B48003C20002A3FF411AF002203F1200083F853
:102B58003C2000F0A7FA304B07E793F87A63002E81
:102B68003FF444AF93F87C23002A40F0408193F867
:102B7800BB23022A40F0C48093F8BA23002A40F00D
:102B8800BB8093F8FB23022A7FF443AF354693F8C2
:102B9800FA23002A3FF434AF93F8FC23002A3FF4C9
:102BA80038AF0022234883F8FC2300F07BFA30E793
:102BB80093F83A63002E3FF414AF93F83C23002AAD
:102BC80040F0A98035460CE793F8FA62002E3FF4EE
:102BD80003AF93F8FC22002A40F0AF803546FBE6AD
:102BE80093F8BA62002E3FF4F2AE93F8BC22002AA2
:102BF80040F09A803546EAE693F87A62002E3FF470
:102C0800E1AE93F87C22002A40F0CD803546D9E623
:102C18000000115000000B4004360020F43500205D
:102C2800443A0020003011501000020000001050FB
:102C380000201150E439002093F83A62002E3FF446
:102C4800BCAE93F83C22002A40F0A4803546B4E696
:102C580093F8FA61002E3FF4ABAE93F8FC21002AFA
:102C680040F08F803546A3E693F8BA61002E3FF412
:102C78009AAE93F8BC21002A7AD1354693E693F8A8
:102C88007A61002E3FF48AAE93F87C21002A66D13F
:102C9800354683E693F83A61002E3FF47AAE93F80E
:102CA8003C21002A40F09180354672E693F8FA609C
:102CB800002E3FF469AE93F8FC20002A7CD13546FB
:102CC80062E693F8BA60002E3FF459AE93F8BC2040
:102CD800002A3BD1354652E693F87A60002E3FF43D
:102CE80049AE93F87C20002A78D1354642E693F81D
:102CF800BA23002A3FF47FAE93F8BC23002A7ED182
:102D080093F8FB23022A7FF484AE93F8FA23002A6F
:102D18003FF47FAE40E700223F4883F83C23354626
:102D280000F0C0F93D4B5CE600223D4883F8BC2228
:102D3800354600F0B7F9394B49E60022394883F89F
:102D4800FC22354600F0AEF9344B45E60022364801
:102D580083F8BC20354600F0A5F9304B0FE6002279
:102D6800324883F87C21354600F09CF92B4B15E658
:102D780000222F4883F8BC21354600F093F9274BF1
:102D880011E600222B4883F8FC21354600F08AF929
:102D9800224B0DE60022284883F83C22354600F0F5
:102DA80081F91E4B09E60022244883F87C22354627
:102DB80000F078F9194B05E60022214883F8FC2039
:102DC800354600F06FF9154BDEE500221D4883F803
:102DD8003C21354600F066F9104BDAE500221A4826
:102DE80083F87C20354600F05DF90C4BC2E50022E3
:102DF800164883F87C2300F055F9084BB7E6002203
:102E0800134883F8BC2300F04DF9044B78E71148C8
:102E180085EA040101F040FE243900200436002030
:102E2800A4380020E4380020A436002064370020AD
:102E3800A4370020E437002024380020643800201C
:102E4800E43600202437002064360020643900204E
:102E5800A4390020A40901102DE9F043828AB0F8B2
:102E680018E003469645C07828BF9646041E18BF4A
:102E7800012480F001000D46A2EB0E025978D870AB
:102E880092B24EF480609A8240EA4430A1BB19693C
:102E9800BEF1000F2CD00EF1FF34DA68052CA146E4
:102EA80002EB85182FD9A8EB0104013C022CC4467B
:102EB8000A4628D94FEA9E0701EB870652F8044BC9
:102EC80096424CF8044BF9D1BEEB870F0ED011F89F
:102ED8002720B9EB870108F8272008EB870205D0DF
:102EE80074780129547001D0B178917019699A8A5F
:102EF8007144196140F400400AB940F4804005B1BA
:102F08000004BDE8F08308F1FF3201EB0E0611F86A
:102F1800014BB14202F8014FF9D1E7E783682DE987
:102F2800F0410546186801B1000C6A78C0F3090041
:102F38004AB9EB8A0344EB822B8B834284BF00237C
:102F4800AB82BDE8F081D5F810C088B3421EEB68AB
:102F5800052A164603EB811E31D989014C1C1C44F5
:102F6800ACEB0404022C624629D900F47F71734645
:102F78000F464FEA90085C1853F8041BA34242F826
:102F8800041BF9D1B84211D01EF82830BE440CF801
:102F98002830F31BBC4409D09EF80120012B8CF883
:102FA800012003D09EF802308CF80230D5F810C00A
:102FB800EA8A0CEB00030244EA822B61BCE70CF1BD
:102FC800FF3C0EEB00021EF8013B72450CF8013F76
:102FD800F9D1EBE710B50446836800211B68FFF7B9
:102FE8009DFF63681B685B0002D5238B834200D07A
:102FF80010BD2046BDE810400121FFF78FBF00BF7C
:10300800084B1B6C13F0020302D18278D20901D15C
:1030180000207047C07EA0F10200B0FA80F040099D
:10302800704700BF0000115008B5FFF7E9FF50B125
:10303800054A064B906A1B68A0F54870C01AC62856
:103048008CBF0020012008BD00000B40F435002093
:103058000023C0E904338376704700BF08B583684E
:1030680019B1D3F800C001EA0C018AB11143520525
:103078000ED51A6852050DD4084A21F4806CC3F89D
:1030880000C0126C920703D40C23033BFDD2836863
:10309800196008BD8178024801F0FEFC000011505B
:1030A800B809011030B54368002183B005461C6893
:1030B800FFF7D2FE134B40F48052196CAB788907A6
:1030C8000ED55B060ED024F0A04444F00054002135
:1030D80028466B681C6003B0BDE83040FFF7BEBFF0
:1030E800DB09F0D0AB8A002BEDD0012128460192F4
:1030F800FFF7B2FE019A24F00054024344F0A044C2
:10310800E5E700BF0000115038B5857E044695B14B
:10311800FFF760FFA38A0BB9284638BD2046FFF7A2
:1031280083FF20B1012323770025284638BD204698
:10313800FFF7B8FFF8E78178014801F0ADFC00BF60
:10314800D809011070B543780446023B0E4686B094
:10315800042B13D8DFE803F003496770440000210B
:10316800774B1A7822F001021A701A7822F00202BC
:103178001A7059701A7861F382021A70714B1B68C1
:103188005A69EFF3108072B6D2E8CFCF0121BCF1B3
:10319800000FF9D1C2E84C1FBCF1000FF4D1BFF306
:1031A8005F8F214698611846019301F071FC019BDD
:1031B80000225969C1E88F2F9B6983F3108840B9B1
:1031C8004FF0E023D3F8F03DDB0707D500BE06B08B
:1031D80070BD32466178207801F04AFC06B070BDB7
:1031E800594A137801331370C8E70022574B1878EF
:1031F800134611E05649096811EB431308D0DB69FF
:1032080033B12078616801929847504B019A187839
:103218000132D3B2834218D89842EBD84D491B1AD1
:1032280001EB4313EBE7464B1A78D207D6D51A7849
:1032380042F004021A70A1E7414B1A78D507CDD5A0
:103248001A7822F004021A7098E73D4B1A78500752
:1032580033D4DB78DA07C1D503223A4B207861688A
:103268001B688DF80C008DF80D205A690491EFF356
:10327800108172B6D2E8CF4F0120002CFAD1C2E8F3
:10328800440F002CF6D1BFF35F8F9961184603A94C
:10329800019301F0FDFB019B00225969C1E88F2FC2
:1032A8009B6983F3108800288AD032469DF80D1058
:1032B8009DF80C0001F0DCFB90E70025052019784B
:1032C800CDE9045521F00401039519708DF80D001E
:1032D8001C4A217812688DF80C105169EFF31080A0
:1032E80072B6D1E8CFEF5FF0010CBEF1000FF8D154
:1032F800C1E84ECFBEF1000FF3D1BFF35F8F9061ED
:1033080003A91046019201F0C3FB019A5169C1E873
:103318008F5F926982F31088094B38B94FF0E02229
:10332800D2F8F02DD10794D500BE92E732469DF829
:103338000D109DF80C0001F09BFB014B89E700BFC5
:10334800A4330020FC330020453A0020433A0020F3
:10335800543200200416011053B94AB9002908BF95
:1033680000281CBF4FF0FF314FF0FF3001F0A0B92B
:10337800ADF1080C6DE904CE00F006F8DDF804E0C4
:10338800DDE9022304B070472DE9F047064682B014
:10339800174608460A9AB4460D46002B4DD18F426F
:1033A800BE4665D9B7FA87F149B1C1F120038D400E
:1033B80007FA01FE06FA01FC26FA03F31D434FEA59
:1033C8001E461FFA8EF04FEA1C43B5FBF6F406FBC7
:1033D800145543EA054304FB00F59D4206D91EEB4C
:1033E800030302D29D4200F24C81013C5B1B1FFA91
:1033F8008CFCB3FBF6F506FB153305FB00F04CEA35
:10340800034C60450AD91EEB0C0C2CBF012300238A
:10341800604502D9002B00F03781013DACEB000C70
:1034280045EA0440002422B12CFA01F30021C2E944
:103438000031214602B0BDE8F0878B4208D90AB1B5
:10344800C2E9006100242046214602B0BDE8F087A9
:10345800B3FA83F4002C4DD18B42C0F00581B742FA
:1034680040F202812046002AE3D0C2E900C5E0E725
:10347800002F00F0A2801946B7FA87F3002B40F01E
:10348800B480C31B1FFA8EF83F0C01244FEA1C407E
:10349800B3FBF7F507FB153340EA034308FB05F0D8
:1034A80098420AD91EEB03032CBF01260026984236
:1034B80002D9002E00F0E280013D1B1A1FFA8CFC95
:1034C800B3FBF7F007FB10334CEA034C08FB00F39F
:1034D80063450AD91EEB0C0C2CBF01260026634558
:1034E80002D9002E00F0C7800138ACEB030C40EA8B
:1034F800054098E7C4F12008A34006FA04FAA14061
:1035080027FA08FC20FA08F007FA04F94CEA030C39
:1035180026FA08F34FEA1C460B431FFA8CFE190CD7
:10352800B0FBF6F706FB170041EA004107FB0EF077
:1035380088420AD91CEB01012CBF012500258842CD
:1035480002D9002D00F0B280013F091A9BB2B1FBED
:10355800F6F006FB101100FB0EFE43EA01439E4500
:103568000AD91CEB03032CBF012100219E4502D977
:10357800002900F09E80013840EA0740A3EB0E03C3
:10358800A0FB09E18B4276460F4602D307D1F245EC
:1035980005D2BEEB090661EB0C0101380F4652B1AA
:1035A800BAEB060163EB070303FA08F5E140E340D1
:1035B8000D43C2E9005300243BE77308B8464908A5
:1035C800019743EAC0734FEAC67C1C0C9BB244EADD
:1035D800014443EA0443B4FBF7F4B1FBF7F51F21B8
:1035E800019844EA05441B1A50E7194607FA03FEF6
:1035F800C3F1200300FA01F44FEA1E47D84026FA27
:1036080003F31FFA8EF806FA01FC2343B0FBF7F523
:103618001C0C07FB150044EA004005FB08F4844233
:103628004AD91EEB00002CBF01260026844200D98F
:103638008EB3001B013DB0FBF7F404FB08F6A1466E
:10364800019607FB19009BB2019E43EA0043B3426F
:10365800C6D21EEB03032CBF01200020B34200D2C8
:10366800A8B109F1FF34BBE7B6EB070C60EB030325
:1036780001201D46F7E6F444023836E7023D73445C
:103688001BE7023C7344B1E6F444023DC6E6A9F1E7
:1036980002047344A4E7AEEB0404023D2044B0FBEB
:1036A800F7F404FB08F6A1460196CAE7023F614415
:1036B8004BE7023863445FE7001BB0FBF7F404FBF9
:1036C80008F6A1460196BCE703685A004CBF43F0D0
:1036D800004323F000431844704700BF2DE9F0472A
:1036E80029B301F1FF399046074600254E46A9192E
:1036F80048BF0131491007EBC10ACC005046FFF71B
:10370800E3FF89450DD00834404507EB04000AD88B
:10371800FFF7DAFF01384D1C4045E8D35046BDE8B5
:10372800F0874045FAD98D4201F1FF36DFD14FF0DD
:10373800000A5046BDE8F087012806D0022802D0CA
:1037480028B9044870470448704704487047002067
:10375800704700BF1D1B00202D1B0020251B0020CB
:10376800224B8A1E10B5044684B04BB303A91046F9
:103778000192AFF30080F0B10399019AFFF7AEFF11
:103788000146C0B1FFF7A0FFA0644B68012B2AD007
:10379800002B01F1040024DBFFF796FF00232365CB
:1037A8000368E064002B11DBFFF78EFF034600205F
:1037B800236104B010BD00230920236104B010BDAB
:1037C8000B480C49091AC9100391D7E7C3F30360E2
:1037D800FFF7B2FF031E0CBF09200020236104B0CD
:1037E80010BD0123DBE700230520E1E7000000000E
:1037F80060220110082401100368DA0710B5044696
:1038080006D49B0700F1500009D500F0B5FC2368E9
:10381800590709D51A070ED5DB0613D510BD00F0D8
:10382800A3FC23685907F5D404F1D80000F0ACFCD8
:1038380023681A07F0D404F5AC7000F0ADFC2368D7
:10384800DB06EBD404F5EC70BDE8104000F0E8BCF2
:10385800036803B103441846704700BF704700BFB0
:1038680070B504460D46296C2046FFF779FF0646D9
:1038780098B9D5F840C02A46236921460120C4F8E2
:1038880014C098470828EED0072806D13046296C7E
:10389800FFF7E4FF281D00F05BFC01F0E1F800BF32
:1038A8002DE9F04F0F1DADF5777DD0F80C90064649
:1038B800D0F818A014460DF10C0C02AD4FF0000E14
:1038C8000FCFACE80F000FCFACE80F000FCFACE87C
:1038D8000F0097E80F00C5F800E08CE80F0021E022
:1038E8002B6C4FF4F47229467CA8736101F042F8FE
:1038F80033697CAA3146584698478A9F21468346B1
:10390800AF64334632460120CDE9005AC847044621
:1039180028BB4FF4F4727CA9284601F02BF8BBF1C0
:10392800080F19D10934296C3046FFF719FF0746EB
:103938005FFA84FB0028D3D0AC6B334632464BF099
:103948001001AC640120CDE9005AC84738B938469F
:103958000DF5777DBDE8F08FBBF1070F05D009277E
:1039680038460DF5777DBDE8F08F2046296CFFF7C6
:1039780075FF03A800F0ECFBF0B5CB6BFBB001F1D1
:10398800040E0E460B6404460DF1040C4FF0FF378D
:10399800BEE80F00ACE80F00BEE80F00ACE80F006F
:1039A800BEE80F00ACE80F009EE80F0000978CE817
:1039B8000F0006E023696A4621469847082807460B
:1039C80008D110992046FFF7CBFE0028F2D0092035
:1039D8007BB0F0BD6846FFF70FFF062FF7D13146E1
:1039E8002046FFF73DFF00BFC160194682610022F3
:1039F800D3F83CC0C3F840C0FFF752BF436970B565
:103A08000B64C668AEB903690A4604460D4601460A
:103A180002209847072805D008280FD129462046B4
:103A2800FFF71EFF3046296CFFF718FF281D00F02E
:103A38008FFB0122FFF734FF01F012F801F010F8B4
:103A4800C26832B1D1F83CC00022C1F840C0FFF7CB
:103A580027BFFFF791BF00BF704700BF836813B14E
:103A68000146012018477047052915D8DFE801F0FD
:103A78000A031403030501207047436C0020009AD1
:103A88001360704743B90F2A06D800EB8200009AEA
:103A980043680020136070470220704700B585B066
:103AA8000A46002303A900911946FFF7DDFF039892
:103AB80005B000BD052915D8DFE801F00A03140395
:103AC800030501207047009B1B6843640020704772
:103AD80043B90F2A06D8009B00EB82001B6843609D
:103AE800002070470220704700B585B000230DF113
:103AF8000C0C03920A461946CDF800C0FFF7DAFF0E
:103B080005B000BD2DE9F041D36BADF5107D141D56
:103B1800804613640F460DF15C0C4FF0FF3E0FCC4E
:103B2800ACE80F000FCCACE80F000FCCACE80F00EE
:103B380094E80F00CDF858E08CE80F0010E0FFF78C
:103B4800D3FF394616A8C047034616AA6946082077
:103B580083B9049B9847052804460CD009280AD045
:103B680026996846FFF7FCFD03466A460C2116A80D
:103B7800002BE4D0092416A8FFF73EFE20460DF5D9
:103B8800107DBDE8F08100BF2DE9F04FCE6C89B003
:103B98000D46174656F8041B00F0030C0696E3B1D1
:103BA8000C0C09048DF81D40E4B20591022106EBC6
:103BB8008406BCF1020F8DF81C10296D08BFAE6B8E
:103BC80011F001010FD005A9384600F0BDFB00280F
:103BD80060D1082009B0BDE8F08F09028DF81D30CA
:103BE80005910321E5E7D6F80080B8F1000FEAD087
:103BF80000F00802C2469946E046CDE90121B9F134
:103C0800020F4BD0B6F800A0043636F8024CAB6C65
:103C180024F0010B0F2138469B44FFF73FFF630058
:103C28000AF00102834503F0020343EA02032BD89A
:103C38002AF0010A012BDA4466D0022B3FD04BBB95
:103C4800B8F1000F02D0824500F2CC800436D6F8D5
:103C580000A0BAF1000FD2D105A9384600F074FBD4
:103C6800C0B9029B002BB4D00F213846FFF716FFCE
:103C78000E2102463846FFF737FF6B4A0F213846B8
:103C8800FFF732FF0720A5E7012B38D0022B08D019
:103C9800002BDBD0092009B0BDE8F08F7468083626
:103CA800B5E7346824F0004BB8F1000F0DD1002CB3
:103CB80000DA04360BF1010306EB8306C7E7346824
:103CC80024F0004BB8F1000F60D0D5F820A00D21EA
:103CD8003846FFF7E3FE8245E9D1AA6A9642E6D163
:103CE80000240422C5F828B0C5E90B42B2186A635B
:103CF8003268A242C0F2938001230293DAE7B8F156
:103D0800000F04D10836A2E7B8F1000F17D02C6ACB
:103D18000D213846FFF7C2FE8442F3D1AB6A9E42BA
:103D2800F0D13046FFF7D0FC0F2102463846FFF7A6
:103D3800DBFE2A4600213846FFF7D6FEA2E7824579
:103D4800E0D973689A1CA5D005F15804013332688C
:103D580004945ED0301DD20FFFF77AFD04AB014604
:103D6800284600F089FE0028CCD001900D21384665
:103D7800049CFFF793FE019A2862022A02D1EC62A2
:103D880005F12C040620C5E9094623E782458ED9AA
:103D9800019B13B1BBF1000F89D1CDF80C8006F15E
:103DA800040AA846002458350CE050460022049521
:103DB800FFF74EFD04AB014640460AF1040A00F045
:103DC8005BFE08BB5C4504F10104EED10D213846C9
:103DD800FFF764FE049B02460620C8F82020C8E9C5
:103DE8000936F7E630460436FFF76EFC0446AE6344
:103DF800284600F045FE00283FF44CAF22460F212C
:103E08003846FFF771FE3DE745463468DDF80C801B
:103E18004DE70D213846FFF741FE2862B2E70BF166
:103E2800010206EB82007DE745E300100023FFF75F
:103E3800ABBE00BF0123FFF7A7BE00BF0223FFF7F9
:103E4800A3BE00BF2DE9F0410446C4B0052904D83B
:103E5800DFE801F0122C036E9407022044B0BDE89D
:103E6800F081002AF9D1A36B53F8042B6264A36391
:103E7800002044B0BDE8F081002BEED195B2D4F813
:103E880038C04FF0010E0EFA03F06146284205D003
:103E980051F8040B8C46211D41F823000133102BE7
:103EA800F1D19604E4D4C4F838C0E1E703F0FB018B
:103EB8000129D2D191B2012B4FEA124601EB1242ED
:103EC80000F0AE80202AC8D80F2E7DD90F460029D1
:103ED800CED0216800934D0700F1068102AD284637
:103EE80000F056F9D4F838E0009B102E4FEA47024C
:103EF8003146704638BF1021013A05EBC10117461B
:103F08008439013A50F804CBB2F1FF3F41F804CFAD
:103F1800F7D10EF1040E012B0EEB870200F0BE80E4
:103F28000F2EA26340F2C380284600F02DF99FE7C8
:103F3800032B92D191B2170C01EB12420E46102AB4
:103F48008BD823681A0700F1968022AD284600F026
:103F580045F9A16B720066B105EBC703013AC81AAF
:103F6800013A53F800C0571C43F804CBF8D101EBD1
:103F7800C6012846A16300F00FF979E7002B7FF40A
:103F88006CAF102A3FF669AF2368D90669D422A816
:103F9800009200F04FF9D4F838E022A80023009AE4
:103FA8000121F44699400133114203D05CF8041B07
:103FB800E6460160042B00F10400F1D122A8C4F800
:103FC80038E000F02DF953E7102A40F29580216877
:103FD800A2F11007CA076ED448077BD422AD00931C
:103FE800284600F0CDF802A800F0D2F8C6F110017A
:103FF800D4F838E0009B4900F44605EBC6000139C7
:10400800043888465CF8042B013940F8042F4A1C10
:10401800F8D10EF1040E0EEB880EA7B302AD64E7DB
:10402800102A3FF61AAF102E3FF417AF2268D007B8
:104038000AD522F00302204640F8502BCDE90013A0
:1040480000F096F8DDE9001322AD2846CDE900130B
:1040580000F08EF8D4F838E0DDE9001301B300274A
:10406800C9E723F0100304F5EC700092236000F018
:10407800E1F8009A8BE723F0080304F5AC7023609D
:1040880000F0ACF861E7012B0AD00F2EC4F838E035
:104098003FF6EEAE284600F06FF8E9E6964622AD08
:1040A8000EF104032846A36300F05EF8E0E622A8B8
:1040B80000F062F838E721F001012046009341F052
:1040C800020140F8501B00F05BF82168009B11F0DA
:1040D800040F83D021F004012046009340F8D81B38
:1040E80000F056F8009B79E721F00401204640F8DB
:1040F800D81B00F04DF8F1E62268D5070DD422ADA3
:104108002846CDE9001300F03BF800990029C1D0FA
:10411800D4F838E00027019B6DE7052BCDE90013A3
:104128000BD122F00102204642F0020240F8502B47
:1041380000F026F8DDE90013E1E722F0030220464B
:1041480040F8502B00F014F8DDE90013D7E700BF62
:1041580000F1340191E838009C46A6464CF8045D0D
:1041680090E8FF0FE54600BD90EC210B704700BFBB
:1041780080EC210B704700BF90EC200B704700BF0C
:1041880080EC200B704700BFD0EC200B704700BFBD
:10419800C0EC200B704700BFF0EC0201F0EC0211FC
:1041A800F0EC0221F0EC0231F0EC0241F0EC0251AB
:1041B800F0EC0261F0EC0271F0EC0281F0EC02919B
:1041C800F0EC02A1F0EC02B1F0EC02C1F0EC02D18B
:1041D800F0EC02E1F0EC02F1704700BFE0EC020104
:1041E800E0EC0211E0EC0221E0EC0231E0EC0241EB
:1041F800E0EC0251E0EC0261E0EC0271E0EC0281DB
:10420800E0EC0291E0EC02A1E0EC02B1E0EC02C1CA
:10421800E0EC02D1E0EC02E1E0EC02F1704700BF13
:10422800B0FC0181B0FC0191B0FC01A1B0FC01B16E
:10423800704700BFA0FC0181A0FC0191A0FC01A176
:10424800A0FC01B1704700BFEC4600B52DE9005055
:104258002DE9FF1F4FF000030CB401A9FFF78CFBF9
:10426800DDF840E012B07047EC4600B52DE900508B
:104278002DE9FF1F4FF000030CB401A9FFF7BEFBA7
:10428800DDF840E012B07047EC4600B52DE900506B
:104298002DE9FF1F4FF000030CB401A9FFF7D0FB75
:1042A800DDF840E012B07047EC4600B52DE900504B
:1042B8002DE9FF1F4FF000030CB401ABFFF794FB8F
:1042C800DDF840E012B07047EC4600B52DE900502B
:1042D8002DE9FF1F4FF000030CB401AAFFF712FCF1
:1042E800DDF840E012B07047027A034692B9427A8C
:1042F800BAB14168013A00B542724FF0030E08683E
:1043080001F1040C83F808E00202C3F804C0000EAF
:104318001A6000BD0068013A1A720202000E1A60A3
:104328007047B020704700BF00B585B000230C224D
:104338000DF10C0C1946CDF800C0FFF795FB03985A
:1043480005B000BDFFF7F0BF2DE9F041064686B085
:104358000D464FF000082846FFF7C6FFB028044670
:1043680000F02481070637D500F0F003A02B7FD09A
:104378000CD8802B5CD0902B04D100F00D030D2BB2
:1043880040F08D80092006B0BDE8F081B02B65D0E3
:10439800C02B3CD1C62800F0F680C72800F00B815E
:1043A80000F0F803C02B00F01881C82800F0238122
:1043B800C928E7D12846FFF797FF020300F00F004E
:1043C80002F4702201300243012105233046FFF731
:1043D80039FD0028BFD0D5E7830004AF0D22304651
:1043E800DBB200970433039300231946FFF73CFB25
:1043F800600600973046DDE903324CBFD21A9A189E
:10440800002304920D221946FFF754FBA3E700F09E
:10441800F803D02BB6D100F007020523012130465E
:10442800013242F40022FFF70DFD002893D0A9E7DE
:104438002846FFF759FF40EA0420B0F5004FA1D005
:10444800040100233046A2B21946FFF7FBFC0028FE
:1044580098D1C4F3C03048EA00087CE7A0F1B10362
:10446800042B00F2E480DFE803F07C513E342B009B
:10447800C3434FF47F620107304603F0070342FA53
:1044880003F24FF0000302F47F62194648BF42F47A
:104498008042FFF7D7FC00283FF45DAF72E704AF16
:1044A800002300F00F02304619460097FFF7DCFAA8
:1044B80000230D22304619460097FFF7FBFA4AE71A
:1044C80005AA00233046009219460D22FFF7CCFAC0
:1044D80041E70023052130461A46FFF7B3FC0028C0
:1044E8003FF439AF4EE72846FFF7FEFE01230203EB
:1044F80000F00F001946013002F4702202433046E2
:10450800FFF7A0FC00283FF426AF3BE7002304AFE9
:104518000D22304619460097FFF7A6FA2846FFF7FE
:10452800E3FE0206049C4FF002030DD500F07F0065
:104538009840073304442846CDE90334FFF7D4FEF6
:1045480010F0800F039BF1D1984004F5017400230B
:104558000D2220440097194604903046FFF7AAFA26
:10456800F9E62846FFF7C0FE431EDBB20E2B3FF6E6
:1045780009AF0023024630461946FFF763FC0028BE
:104588003FF4E9AEFEE62846FFF7AEFE032302033A
:1045980000F00F001946013002F470220243304641
:1045A800FFF750FC00283FF4D6AEEBE6B8F1000F59
:1045B8002DD00020E7E62846FFF796FE431EDBB223
:1045C8000E2B3FF6DFAE0246002304213046FFF7EC
:1045D80039FC00283FF4BFAED4E600F00F020323F5
:1045E80030460132194642F42022FFF72BFC0028FE
:1045F8003FF4B1AEC6E62846FFF776FE00F0F002BB
:1046080000F00F031032013343EA0232DCE604AC57
:10461800434641460E2230460094FFF725FA0F2202
:104628004346414630460094FFF744FAC1E700F09C
:10463800FC03B42B3FF4A6AE00F00702012330467A
:104648001A44194642F40022FFF7FCFB00283FF405
:1046580082AE97E6024603230846D26C00B585B0C1
:1046680008328DF80C3001A952F8043C4FEA032CAB
:104678001B0ECDE901C28DF80D30FFF765FE05B0C0
:1046880000BD00BF08B5FFF75DFE806C08BD00BF28
:1046980008B5FFF757FEC06CC37900EB83000830FC
:1046A80008BD00BF08B500F0DBF908B5FFF7FAFF51
:1046B800704700BF032A10D8D2B3013A431E01390C
:1046C800024401E09A4233D013F8010F11F801CFE8
:1046D8006045F7D0A0EB0C00704710B541EA000424
:1046E80084460B46A4070FD0013A431E0139024401
:1046F80001E09A421AD013F8010F11F801CF604572
:10470800F7D0A0EB0C0010BDDCF800401946D3F838
:1047180000E0604604330CF1040C7445E4D1043A1B
:10472800032AF1D860461946002ADDD1002010BDC1
:1047380000207047884270B531D98B1883422ED932
:10474800032A00EB02011DD941EA030C1D461CF0A7
:10475800030F18D14FEA920E8C460EF1FF36A1EBEB
:104768008E0453F804ED4CF804EDA445F9D1C6EBDA
:10477800867302F0030201EB830105EB830C043915
:10478800ACF1040352B102F1FF3C6FEA0C0C9C44FB
:1047980013F8012D634501F8012DF9D170BD032AE5
:1047A80050D941EA00039B074ED10F2A51D922F074
:1047B8000F0301F1100601F1100C2031103B00F13C
:1047C800100E19445CF8104C0CF1100C0EF1100E80
:1047D8004EF8204C5CF81C4C4EF81C4C5CF8184CFD
:1047E8004EF8184C5CF8144C8C454EF8144CE9D132
:1047F800F11812F00C0F034402F00F0503F1100337
:1048080025D025F0030C1A1FACF104048C4626466B
:104818001C195CF804EB42F804EFA242F9D1043108
:10482800043305F0030231443344002AB6D0013A78
:104838000132013B0A4411F801CB914203F801CF40
:10484800F9D170BD0346F0E7013A0346F0E72A467E
:10485800EBE703461546D4E730B58407864603469A
:1048680006D0A2B303F8011B980702F1FF32F8D172
:10487800032A26D95FFA81FC0F2A0CEB0C2C0CEBCF
:104888000C402AD922F00F0C9C44C3E90000C3E96C
:10489800020010336345F8D112F00C0F02F00F0537
:1048A80017D04FEA950C1A460CF1FF3403EB8C0C29
:1048B80042F8040B6245FBD1043305F0030203EB15
:1048C800840322B11A4403F8011B9A42FBD17046B3
:1048D80030BD2A46002AF5D1F9E71546E1E700BFC1
:1048E8008307C9B20FD0034607E093F800C0013A26
:1048F80001338C4505D0980704D01846002AF4D116
:10490800002070471846032A0DD8002AF8D003461D
:10491800024401E09A42F3D093F800C018460133EC
:104928008C45F7D1704701EB012310B5864603EBA0
:104938000344DEF8003070460EF1040E6340A3F124
:10494800013C2CEA030313F0803F04D1043A032A04
:10495800EFD870465AB10346024401E09A4206D0A5
:1049680093F800C0184601338C45F7D110BD0020DC
:1049780010BD00BF844641EA000313F0030349D188
:10498800403A23D30B6803604B6843608B688360AD
:10499800CB68C3600B6903614B6943618B698361B1
:1049A800CB69C3610B6A03624B6A43628B6A836299
:1049B800CB6AC3620B6B03634B6B43638B6B836381
:1049C800CB6BC36340304031403ADBD230320BD33B
:1049D8000B6803604B6843608B688360CB68C36077
:1049E80010301031103AF3D20C3205D351F8043B91
:1049F80040F8043B043AF9D2043208D0D2071CBF6D
:104A080011F8013B00F8013B01D30B880380604695
:104A1800704700BF082A13D38B07B1D010F00303E7
:104A2800AED0C3F10403D21ADB071CBF11F8013B57
:104A380000F8013BA4D331F8023B20F8023B9FE782
:104A4800043AD9D3013A11F8013B00F8013BF9D2F5
:104A58000B7803704B7843708B788370604670478F
:104A68005FF800F049E500105FF800F0F526001047
:104A78005FF800F0F94B00105FF800F011600010CB
:104A88005FF800F0C56000105FF800F0192300100F
:104A98005FF800F08D5C00105FF800F02D18001032
:104AA8005FF800F0792400105C1401101000000079
:104AB80000000000000001000000000000000000ED
:104AC80000000200000000000000000000000300D9
:104AD80000000000000000000000FF0000000000CF
:104AE80001B5486801318E460047704609380149CA
:104AF800884701BD311C0010FFFFFFFFFFFFFF7F4C
:104B0800000000000000000000000000000000009D
:104B180000000000702E00200034002010000C005F
:104B2800000000000000000000000000000000007D
:104B380000000000FF000000F5670010BD6A0010CB
:104B4800FFFFFFFF0000020000000000000000005F
:104B5800382800203828002040280020402800203D
:104B680048280020482800205028002050280020ED
:104B7800582800205828002060280020602800209D
:104B8800682800206828002070280020702800204D
:104B980078280020782800208028002080280020FD
:104BA80088280020882800209028002090280020AD
:104BB8009828002098280020A0280020A02800205D
:104BC800A8280020A8280020B0280020B02800200D
:104BD800B8280020B8280020C0280020C0280020BD
:104BE800C8280020C8280020D0280020D02800206D
:104BF800D8280020D8280020E0280020E02800201D
:104C0800E8280020E8280020F0280020F0280020CC
:104C1800F8280020F828002000290020002900207A
:104C28000829002008290020102900201029002028
:104C380018290020182900202029002020290020D8
:104C48002829002028290020302900203029002088
:104C58003829002038290020402900204029002038
:104C680048290020482900205029002050290020E8
:104C78005829002058290020602900206029002098
:104C88006829002068290020702900207029002048
:104C980078290020782900208029002080290020F8
:104CA80088290020882900209029002090290020A8
:104CB8009829002098290020A0290020A029002058
:104CC800A8290020A8290020B0290020B029002008
:104CD800B8290020B8290020C0290020C0290020B8
:104CE800C8290020C8290020D0290020D029002068
:104CF800D8290020D8290020E0290020E029002018
:104D0800E8290020E8290020F0290020F0290020C7
:104D1800F8290020F8290020002A0020002A002075
:104D2800082A0020082A0020102A0020102A002023
:104D3800182A0020182A0020202A0020202A0020D3
:104D4800282A0020282A0020302A0020302A002083
:104D5800382A0020382A0020402A0020402A002033
:104D6800482A0020482A0020502A0020502A0020E3
:104D7800582A0020582A0020602A0020602A002093
:104D8800682A0020682A0020702A0020702A002043
:104D9800782A0020782A0020802A0020802A0020F3
:104DA800882A0020882A0020902A0020902A0020A3
:104DB800982A0020982A0020A02A0020A02A002053
:104DC800A82A0020A82A0020B02A0020B02A002003
:104DD800B82A0020B82A0020C02A0020C02A0020B3
:104DE800C82A0020C82A0020D02A0020D02A002063
:104DF800D82A0020D82A0020E02A0020E02A002013
:104E0800E82A0020E82A0020F02A0020F02A0020C2
:104E1800F82A0020F82A0020002B0020002B002070
:104E2800082B0020082B0020102B0020102B00201E
:104E3800182B0020182B0020202B0020202B0020CE
:104E4800282B0020282B0020302B0020302B00207E
:104E5800382B0020382B0020402B0020402B00202E
:104E6800482B0020482B0020502B0020502B0020DE
:104E7800582B0020582B0020602B0020602B00208E
:104E8800682B0020682B0020702B0020702B00203E
:104E9800782B0020782B0020802B0020802B0020EE
:104EA800882B0020882B0020902B0020902B00209E
:104EB800982B0020982B0020A02B0020A02B00204E
:104EC800A82B0020A82B0020B02B0020B02B0020FE
:104ED800B82B0020B82B0020C02B0020C02B0020AE
:104EE800C82B0020C82B0020D02B0020D02B00205E
:104EF800D82B0020D82B0020E02B0020E02B00200E
:104F0800E82B0020E82B0020F02B0020F02B0020BD
:104F1800F82B0020F82B0020002C0020002C00206B
:104F2800082C0020082C0020102C0020102C002019
:104F3800182C0020182C0020202C0020202C0020C9
:104F4800282C0020282C0020302C0020302C002079
:104F5800482C00200000000000000000183100204C
:104F680080310020E831002000000000000000002F
:104F78000000000000000000000000000000000029
:104F88000000000000000000000000000000000019
:104F98000000000000000000000000000000000009
:104FA80000000000000000000000000000000000F9
:104FB80000000000000000000000000000000000E9
:104FC80000000000000000000000000000000000D9
:104FD80000000000000000000000000000000000C9
:104FE80000000000000000000000000000000000B9
:104FF80001000000000000000E33CDAB34126DE656
:10500800ECDE05000B0000000000000000000000BE
:105018000000000000000000000000000000000088
:105028000000000000000000000000000000000078
:105038000000000000000000000000000000000068
:105048000000000000000000000000000000000058
:105058000000000000000000000000000000000048
:105068000000000000000000000000000000000038
:105078000000000000000000000000000000000028
:105088000000000000000000000000000000000018
:105098000000000000000000000000000000000008
:1050A80000000000000000000000000000000000F8
:1050B80000000000000000000000000000000000E8
:1050C80000000000000000000000000000000000D8
:1050D80000000000000000000000000000000000C8
:1050E80000000000000000000000000000000000B8
:1050F80000000000000000000000000000000000A8
:105108000000000000000000000000000000000097
:105118000000000000000000000000000000000087
:105128000000000000000000000000000000000077
:105138000000000000000000000000000000000067
:105148000000000000000000000000000000000057
:105158000000000000000000043A002000000000E9
:1051680003000000183100200000000000000000CB
:10517800D3DEFFFFFE010000FF010000C0AFFEFF0D
:04518800793512ABB8
:040000051000014D99
:00000001FF
